n,N,d_k,Q_n_at_cell,bin_count,bin_log_sum,M_n_total,log_M_n_total,bin_count_frac,bin_log_frac,cell_contribution_to_S_n
2,100000,1,0.5,1,1.386294,2541,24710.184064,0.00039355,0.00005610,0.693147
2,100000,2,0.0,36,190.934565,2541,24710.184064,0.01416765,0.00772696,0.000000
2,100000,3,-0.5,36,331.962534,2541,24710.184064,0.01416765,0.01343424,-165.981267
2,100000,4,-1.0,634,5836.045088,2541,24710.184064,0.24950807,0.23617975,-5836.045088
2,100000,5,-1.5,4,33.752600,2541,24710.184064,0.00157418,0.00136594,-50.628900
2,100000,6,-2.0,162,1442.492519,2541,24710.184064,0.06375443,0.05837644,-2884.985037
2,100000,7,-2.5,2,19.020890,2541,24710.184064,0.00078709,0.00076976,-47.552225
2,100000,8,-3.0,834,8274.392321,2541,24710.184064,0.32821724,0.33485758,-24823.176964
2,100000,9,-3.5,27,271.091025,2541,24710.184064,0.01062574,0.01097082,-948.818588
2,100000,10,-4.0,45,446.662137,2541,24710.184064,0.01770956,0.01807603,-1786.648549
2,100000,12,-5.0,358,3624.999621,2541,24710.184064,0.14088941,0.14670063,-18124.998103
2,100000,14,-6.0,5,51.241247,2541,24710.184064,0.00196773,0.00207369,-307.447479
2,100000,15,-6.5,7,72.994960,2541,24710.184064,0.00275482,0.00295404,-474.467239
2,100000,16,-7.0,247,2587.028107,2541,24710.184064,0.09720582,0.10469481,-18109.196747
2,100000,18,-8.0,38,394.870965,2541,24710.184064,0.01495474,0.01598009,-3158.967722
2,100000,20,-9.0,22,233.420166,2541,24710.184064,0.00865801,0.00944631,-2100.781493
2,100000,21,-9.5,1,11.196844,2541,24710.184064,0.00039355,0.00045313,-106.370017
2,100000,24,-11.0,73,787.822507,2541,24710.184064,0.02872885,0.03188250,-8666.047582
2,100000,27,-12.5,1,10.694215,2541,24710.184064,0.00039355,0.00043279,-133.677688
2,100000,30,-14.0,2,22.227531,2541,24710.184064,0.00078709,0.00089953,-311.185437
2,100000,32,-15.0,6,65.947927,2541,24710.184064,0.00236128,0.00266886,-989.218908
3,100000,1,0.5,1,2.197225,1724,16872.004173,0.00058005,0.00013023,1.098612
3,100000,2,0.0,26,149.007467,1724,16872.004173,0.01508121,0.00883164,0.000000
3,100000,3,-0.5,26,240.887094,1724,16872.004173,0.01508121,0.01427733,-120.443547
3,100000,4,-1.0,328,3030.425837,1724,16872.004173,0.19025522,0.17961268,-3030.425837
3,100000,5,-1.5,3,23.585655,1724,16872.004173,0.00174014,0.00139792,-35.378482
3,100000,6,-2.0,93,812.209869,1724,16872.004173,0.05394432,0.04813950,-1624.419738
3,100000,7,-2.5,1,6.356108,1724,16872.004173,0.00058005,0.00037673,-15.890269
3,100000,8,-3.0,418,4121.328771,1724,16872.004173,0.24245940,0.24427026,-12363.986314
3,100000,9,-3.5,21,207.222163,1724,16872.004173,0.01218097,0.01228201,-725.277572
3,100000,10,-4.0,28,243.869498,1724,16872.004173,0.01624130,0.01445409,-975.477992
3,100000,11,-4.5,1,9.128696,1724,16872.004173,0.00058005,0.00054106,-41.079134
3,100000,12,-5.0,268,2675.282995,1724,16872.004173,0.15545244,0.15856344,-13376.414977
3,100000,13,-5.5,1,10.514991,1724,16872.004173,0.00058005,0.00062322,-57.832449
3,100000,14,-6.0,25,250.089172,1724,16872.004173,0.01450116,0.01482273,-1500.535032
3,100000,15,-6.5,9,91.039802,1724,16872.004173,0.00522042,0.00539591,-591.758711
3,100000,16,-7.0,215,2234.197507,1724,16872.004173,0.12470998,0.13242040,-15639.382552
3,100000,18,-8.0,54,564.315955,1724,16872.004173,0.03132251,0.03344688,-4514.527638
3,100000,20,-9.0,64,670.836786,1724,16872.004173,0.03712297,0.03976035,-6037.531074
3,100000,21,-9.5,4,42.460816,1724,16872.004173,0.00232019,0.00251664,-403.377752
3,100000,22,-10.0,1,10.738134,1724,16872.004173,0.00058005,0.00063645,-107.381343
3,100000,24,-11.0,91,972.839894,1724,16872.004173,0.05278422,0.05766001,-10701.238833
3,100000,25,-11.5,1,11.407565,1724,16872.004173,0.00058005,0.00067612,-131.186997
3,100000,27,-12.5,2,21.655493,1724,16872.004173,0.00116009,0.00128352,-270.693661
3,100000,28,-13.0,10,107.685429,1724,16872.004173,0.00580046,0.00638249,-1399.910573
3,100000,30,-14.0,9,98.111219,1724,16872.004173,0.00522042,0.00581503,-1373.557072
3,100000,32,-15.0,15,164.031565,1724,16872.004173,0.00870070,0.00972211,-2460.473471
3,100000,36,-17.0,7,78.565299,1724,16872.004173,0.00406032,0.00465655,-1335.610084
3,100000,40,-19.0,2,22.013167,1724,16872.004173,0.00116009,0.00130472,-418.250180
5,100000,1,0.5,1,3.218876,867,8535.413297,0.00115340,0.00037712,1.609438
5,100000,2,0.0,17,106.230374,867,8535.413297,0.01960784,0.01244584,0.000000
5,100000,3,-0.5,17,157.739859,867,8535.413297,0.01960784,0.01848064,-78.869929
5,100000,4,-1.0,139,1282.788504,867,8535.413297,0.16032295,0.15029015,-1282.788504
5,100000,5,-1.5,3,24.607306,867,8535.413297,0.00346021,0.00288297,-36.910959
5,100000,6,-2.0,61,547.788457,867,8535.413297,0.07035755,0.06417832,-1095.576914
5,100000,7,-2.5,2,17.188308,867,8535.413297,0.00230681,0.00201376,-42.970771
5,100000,8,-3.0,194,1926.995242,867,8535.413297,0.22376009,0.22576473,-5780.985725
5,100000,9,-3.5,15,150.107494,867,8535.413297,0.01730104,0.01758644,-525.376231
5,100000,10,-4.0,23,215.196475,867,8535.413297,0.02652826,0.02521219,-860.785900
5,100000,11,-4.5,1,10.150348,867,8535.413297,0.00115340,0.00118920,-45.676564
5,100000,12,-5.0,141,1430.202724,867,8535.413297,0.16262976,0.16756104,-7151.013621
5,100000,14,-6.0,10,100.625324,867,8535.413297,0.01153403,0.01178916,-603.751941
5,100000,15,-6.5,6,60.485357,867,8535.413297,0.00692042,0.00708640,-393.154820
5,100000,16,-7.0,98,1027.183237,867,8535.413297,0.11303345,0.12034370,-7190.282656
5,100000,18,-8.0,26,264.769526,867,8535.413297,0.02998847,0.03102012,-2118.156209
5,100000,20,-9.0,31,327.016733,867,8535.413297,0.03575548,0.03831293,-2943.150594
5,100000,21,-9.5,3,32.041407,867,8535.413297,0.00346021,0.00375394,-304.393363
5,100000,24,-11.0,51,545.562260,867,8535.413297,0.05882353,0.06391750,-6001.184862
5,100000,25,-11.5,1,10.385914,867,8535.413297,0.00115340,0.00121680,-119.438008
5,100000,27,-12.5,2,21.655493,867,8535.413297,0.00230681,0.00253713,-270.693661
5,100000,28,-13.0,4,43.011464,867,8535.413297,0.00461361,0.00503918,-559.149034
5,100000,30,-14.0,8,86.636340,867,8535.413297,0.00922722,0.01015022,-1212.908763
5,100000,32,-15.0,8,87.918502,867,8535.413297,0.00922722,0.01030044,-1318.777533
5,100000,36,-17.0,4,44.674563,867,8535.413297,0.00461361,0.00523402,-759.467574
5,100000,40,-19.0,1,11.233212,867,8535.413297,0.00115340,0.00131607,-213.431020
7,100000,1,0.5,1,3.891820,510,5021.004605,0.00196078,0.00077511,1.945910
7,100000,2,0.0,13,85.757826,510,5021.004605,0.02549020,0.01707981,0.000000
7,100000,3,-0.5,13,120.921987,510,5021.004605,0.02549020,0.02408323,-60.460994
7,100000,4,-1.0,81,747.410976,510,5021.004605,0.15882353,0.14885686,-747.410976
7,100000,5,-1.5,3,25.280250,510,5021.004605,0.00588235,0.00503490,-37.920376
7,100000,6,-2.0,44,400.295412,510,5021.004605,0.08627451,0.07972417,-800.590824
7,100000,7,-2.5,2,18.534197,510,5021.004605,0.00392157,0.00369133,-46.335494
7,100000,8,-3.0,105,1043.186499,510,5021.004605,0.20588235,0.20776450,-3129.559496
7,100000,9,-3.5,10,99.414480,510,5021.004605,0.01960784,0.01979972,-347.950679
7,100000,10,-4.0,17,164.984575,510,5021.004605,0.03333333,0.03285888,-659.938301
7,100000,11,-4.5,1,10.823292,510,5021.004605,0.00196078,0.00215560,-48.704814
7,100000,12,-5.0,85,868.396412,510,5021.004605,0.16666667,0.17295272,-4341.982062
7,100000,14,-6.0,6,61.752767,510,5021.004605,0.01176471,0.01229889,-370.516605
7,100000,15,-6.5,5,51.382827,510,5021.004605,0.00980392,0.01023357,-333.988376
7,100000,16,-7.0,52,547.942987,510,5021.004605,0.10196078,0.10913015,-3835.600911
7,100000,18,-8.0,20,209.749642,510,5021.004605,0.03921569,0.04177444,-1677.997138
7,100000,20,-9.0,12,125.915738,510,5021.004605,0.02352941,0.02507780,-1133.241638
7,100000,21,-9.5,2,21.517507,510,5021.004605,0.00392157,0.00428550,-204.416318
7,100000,24,-11.0,25,270.106825,510,5021.004605,0.04901961,0.05379537,-2971.175071
7,100000,25,-11.5,1,11.058858,510,5021.004605,0.00196078,0.00220252,-127.176869
7,100000,27,-12.5,1,10.694215,510,5021.004605,0.00196078,0.00212990,-133.677688
7,100000,28,-13.0,1,10.758754,510,5021.004605,0.00196078,0.00214275,-139.863797
7,100000,30,-14.0,4,43.994499,510,5021.004605,0.00784314,0.00876209,-615.922989
7,100000,32,-15.0,3,33.198005,510,5021.004605,0.00588235,0.00661183,-497.970080
7,100000,36,-17.0,3,34.034253,510,5021.004605,0.00588235,0.00677838,-578.582307
2,1000000,1,0.5,1,1.386294,23801,287093.713229,0.00004202,0.00000483,0.693147
2,1000000,2,0.0,94,604.172967,23801,287093.713229,0.00394941,0.00210445,0.000000
2,1000000,3,-0.5,94,1078.034264,23801,287093.713229,0.00394941,0.00375499,-539.017132
2,1000000,4,-1.0,4378,50184.480703,23801,287093.713229,0.18394185,0.17480174,-50184.480703
2,1000000,5,-1.5,7,71.281890,23801,287093.713229,0.00029411,0.00024829,-106.922835
2,1000000,6,-2.0,726,7887.801327,23801,287093.713229,0.03050292,0.02747466,-15775.602654
2,1000000,7,-2.5,3,32.082645,23801,287093.713229,0.00012605,0.00011175,-80.206613
2,1000000,8,-3.0,7712,92843.256378,23801,287093.713229,0.32402000,0.32339007,-278529.769134
2,1000000,9,-3.5,94,1133.839965,23801,287093.713229,0.00394941,0.00394937,-3968.439877
2,1000000,10,-4.0,136,1519.107055,23801,287093.713229,0.00571405,0.00529133,-6076.428220
2,1000000,11,-4.5,1,12.372417,23801,287093.713229,0.00004202,0.00004310,-55.675878
2,1000000,12,-5.0,3061,37101.466717,23801,287093.713229,0.12860804,0.12923121,-185507.333585
2,1000000,14,-6.0,37,444.371492,23801,287093.713229,0.00155456,0.00154783,-2666.228951
2,1000000,15,-6.5,23,278.653298,23801,287093.713229,0.00096635,0.00097060,-1811.246438
2,1000000,16,-7.0,4137,51855.669163,23801,287093.713229,0.17381623,0.18062280,-362989.684144
2,1000000,18,-8.0,370,4560.703877,23801,287093.713229,0.01554557,0.01588577,-36485.631015
2,1000000,20,-9.0,304,3811.766771,23801,287093.713229,0.01277257,0.01327708,-34305.900942
2,1000000,21,-9.5,6,75.832799,23801,287093.713229,0.00025209,0.00026414,-720.411590
2,1000000,24,-11.0,1596,20304.017714,23801,287093.713229,0.06705601,0.07072261,-223344.194857
2,1000000,25,-11.5,2,25.782879,23801,287093.713229,0.00008403,0.00008981,-296.503112
2,1000000,27,-12.5,17,218.617152,23801,287093.713229,0.00071426,0.00076148,-2732.714403
2,1000000,28,-13.0,22,281.993276,23801,287093.713229,0.00092433,0.00098223,-3665.912594
2,1000000,30,-14.0,56,716.830087,23801,287093.713229,0.00235284,0.00249685,-10035.621222
2,1000000,32,-15.0,558,7250.362721,23801,287093.713229,0.02344439,0.02525434,-108755.440816
2,1000000,36,-17.0,172,2229.020039,23801,287093.713229,0.00722659,0.00776409,-37893.340669
2,1000000,40,-19.0,58,761.555921,23801,287093.713229,0.00243687,0.00265264,-14469.562502
2,1000000,42,-20.0,3,40.216720,23801,287093.713229,0.00012605,0.00014008,-804.334391
2,1000000,45,-21.5,2,26.686850,23801,287093.713229,0.00008403,0.00009296,-573.767265
2,1000000,48,-23.0,117,1553.388206,23801,287093.713229,0.00491576,0.00541074,-35727.928744
2,1000000,54,-26.0,5,67.061453,23801,287093.713229,0.00021008,0.00023359,-1743.597769
2,1000000,60,-29.0,3,40.533801,23801,287093.713229,0.00012605,0.00014119,-1175.480218
2,1000000,64,-31.0,5,67.655236,23801,287093.713229,0.00021008,0.00023566,-2097.312320
2,1000000,72,-35.0,1,13.711150,23801,287093.713229,0.00004202,0.00004776,-479.890234
3,1000000,1,0.5,1,2.197225,15962,193680.534558,0.00006265,0.00001134,1.098612
3,1000000,2,0.0,66,449.717086,15962,193680.534558,0.00413482,0.00232195,0.000000
3,1000000,3,-0.5,66,754.417350,15962,193680.534558,0.00413482,0.00389516,-377.208675
3,1000000,4,-1.0,2151,24567.880872,15962,193680.534558,0.13475755,0.12684744,-24567.880872
3,1000000,5,-1.5,6,61.361560,15962,193680.534558,0.00037589,0.00031682,-92.042340
3,1000000,6,-2.0,448,4887.606168,15962,193680.534558,0.02806666,0.02523540,-9775.212335
3,1000000,7,-2.5,2,18.209960,15962,193680.534558,0.00012530,0.00009402,-45.524899
3,1000000,8,-3.0,3837,46103.725977,15962,193680.534558,0.24038341,0.23804006,-138311.177931
3,1000000,9,-3.5,72,863.894022,15962,193680.534558,0.00451071,0.00446041,-3023.629076
3,1000000,10,-4.0,85,858.797291,15962,193680.534558,0.00532515,0.00443409,-3435.189163
3,1000000,11,-4.5,1,9.128696,15962,193680.534558,0.00006265,0.00004713,-41.079134
3,1000000,12,-5.0,2118,25591.338674,15962,193680.534558,0.13269014,0.13213170,-127956.693371
3,1000000,13,-5.5,1,10.514991,15962,193680.534558,0.00006265,0.00005429,-57.832449
3,1000000,14,-6.0,67,740.909252,15962,193680.534558,0.00419747,0.00382542,-4445.455510
3,1000000,15,-6.5,29,349.499641,15962,193680.534558,0.00181681,0.00180452,-2271.747666
3,1000000,16,-7.0,2694,33576.805046,15962,193680.534558,0.16877584,0.17336179,-235037.635320
3,1000000,17,-7.5,1,13.287579,15962,193680.534558,0.00006265,0.00006861,-99.656846
3,1000000,18,-8.0,351,4291.524157,15962,193680.534558,0.02198973,0.02215775,-34332.193257
3,1000000,20,-9.0,611,7593.407826,15962,193680.534558,0.03827841,0.03920584,-68340.670434
3,1000000,21,-9.5,12,146.271555,15962,193680.534558,0.00075179,0.00075522,-1389.579774
3,1000000,22,-10.0,21,264.575908,15962,193680.534558,0.00131562,0.00136604,-2645.759076
3,1000000,24,-11.0,1660,21053.323133,15962,193680.534558,0.10399699,0.10870129,-231586.554468
3,1000000,25,-11.5,2,24.161019,15962,193680.534558,0.00012530,0.00012475,-277.851717
3,1000000,26,-12.0,6,77.385789,15962,193680.534558,0.00037589,0.00039955,-928.629474
3,1000000,27,-12.5,20,253.349516,15962,193680.534558,0.00125298,0.00130808,-3166.868946
3,1000000,28,-13.0,178,2265.026793,15962,193680.534558,0.01115148,0.01169465,-29445.348312
3,1000000,30,-14.0,101,1268.375927,15962,193680.534558,0.00632753,0.00654880,-17757.262979
3,1000000,32,-15.0,629,8121.083325,15962,193680.534558,0.03940609,0.04193030,-121816.249876
3,1000000,33,-15.5,2,25.368089,15962,193680.534558,0.00012530,0.00013098,-393.205378
3,1000000,35,-16.5,1,12.793859,15962,193680.534558,0.00006265,0.00006606,-211.098679
3,1000000,36,-17.0,230,2962.084543,15962,193680.534558,0.01440922,0.01529366,-50355.437235
3,1000000,39,-18.5,1,13.733867,15962,193680.534558,0.00006265,0.00007091,-254.076532
3,1000000,40,-19.0,193,2510.036449,15962,193680.534558,0.01209122,0.01295967,-47690.692534
3,1000000,42,-20.0,25,322.902035,15962,193680.534558,0.00156622,0.00166719,-6458.040708
3,1000000,44,-21.0,6,79.849580,15962,193680.534558,0.00037589,0.00041227,-1676.841188
3,1000000,45,-21.5,4,52.041001,15962,193680.534558,0.00025060,0.00026870,-1118.881523
3,1000000,48,-23.0,185,2430.776985,15962,193680.534558,0.01159003,0.01255045,-55907.870653
3,1000000,50,-24.0,1,13.353475,15962,193680.534558,0.00006265,0.00006895,-320.483402
3,1000000,54,-26.0,8,105.705275,15962,193680.534558,0.00050119,0.00054577,-2748.337160
3,1000000,56,-27.0,26,346.453910,15962,193680.534558,0.00162887,0.00178879,-9354.255568
3,1000000,60,-29.0,19,252.159389,15962,193680.534558,0.00119033,0.00130193,-7312.622283
3,1000000,63,-30.5,1,13.466804,15962,193680.534558,0.00006265,0.00006953,-410.737515
3,1000000,64,-31.0,18,240.957707,15962,193680.534558,0.00112768,0.00124410,-7469.688917
3,1000000,72,-35.0,5,67.587246,15962,193680.534558,0.00031324,0.00034896,-2365.553624
3,1000000,80,-39.0,1,13.488006,15962,193680.534558,0.00006265,0.00006964,-526.032234
5,1000000,1,0.5,1,3.218876,7805,94931.412020,0.00012812,0.00003391,1.609438
5,1000000,2,0.0,45,331.803480,7805,94931.412020,0.00576553,0.00349519,0.000000
5,1000000,3,-0.5,45,518.757549,7805,94931.412020,0.00576553,0.00546455,-259.378774
5,1000000,4,-1.0,995,11454.861996,7805,94931.412020,0.12748238,0.12066461,-11454.861996
5,1000000,5,-1.5,5,50.896436,7805,94931.412020,0.00064061,0.00053614,-76.344654
5,1000000,6,-2.0,257,2818.461273,7805,94931.412020,0.03292761,0.02968945,-5636.922545
5,1000000,7,-2.5,2,17.188308,7805,94931.412020,0.00025625,0.00018106,-42.970771
5,1000000,8,-3.0,1641,19712.426611,7805,94931.412020,0.21024984,0.20764915,-59137.279832
5,1000000,9,-3.5,47,560.350430,7805,94931.412020,0.00602178,0.00590269,-1961.226505
5,1000000,10,-4.0,91,1003.981109,7805,94931.412020,0.01165919,0.01057586,-4015.924437
5,1000000,11,-4.5,1,10.150348,7805,94931.412020,0.00012812,0.00010692,-45.676564
5,1000000,12,-5.0,1098,13319.591125,7805,94931.412020,0.14067905,0.14030752,-66597.955625
5,1000000,13,-5.5,1,11.536642,7805,94931.412020,0.00012812,0.00012153,-63.451531
5,1000000,14,-6.0,51,595.354954,7805,94931.412020,0.00653427,0.00627142,-3572.129724
5,1000000,15,-6.5,22,266.154854,7805,94931.412020,0.00281871,0.00280365,-1730.006553
5,1000000,16,-7.0,1182,14745.763281,7805,94931.412020,0.15144138,0.15533071,-103220.342966
5,1000000,18,-8.0,193,2358.436533,7805,94931.412020,0.02472774,0.02484358,-18867.492262
5,1000000,20,-9.0,294,3672.235186,7805,94931.412020,0.03766816,0.03868304,-33050.116675
5,1000000,21,-9.5,9,110.384553,7805,94931.412020,0.00115311,0.00116278,-1048.653257
5,1000000,22,-10.0,7,87.972947,7805,94931.412020,0.00089686,0.00092670,-879.729470
5,1000000,24,-11.0,818,10348.771833,7805,94931.412020,0.10480461,0.10901315,-113836.490162
5,1000000,25,-11.5,2,24.161019,7805,94931.412020,0.00025625,0.00025451,-277.851717
5,1000000,26,-12.0,1,12.635254,7805,94931.412020,0.00012812,0.00013310,-151.623051
5,1000000,27,-12.5,14,177.156261,7805,94931.412020,0.00179372,0.00186615,-2214.453260
5,1000000,28,-13.0,79,1011.804710,7805,94931.412020,0.01012172,0.01065827,-13153.461229
5,1000000,30,-14.0,95,1200.192020,7805,94931.412020,0.01217168,0.01264273,-16802.688286
5,1000000,32,-15.0,301,3884.880675,7805,94931.412020,0.03856502,0.04092303,-58273.210121
5,1000000,33,-15.5,1,12.347572,7805,94931.412020,0.00012812,0.00013007,-191.387369
5,1000000,35,-16.5,2,24.355346,7805,94931.412020,0.00025625,0.00025656,-401.863215
5,1000000,36,-17.0,170,2189.671687,7805,94931.412020,0.02178091,0.02306583,-37224.418687
5,1000000,39,-18.5,1,13.733867,7805,94931.412020,0.00012812,0.00014467,-254.076532
5,1000000,40,-19.0,105,1360.608590,7805,94931.412020,0.01345291,0.01433254,-25851.563206
5,1000000,42,-20.0,23,299.141174,7805,94931.412020,0.00294683,0.00315113,-5982.823485
5,1000000,44,-21.0,3,40.287910,7805,94931.412020,0.00038437,0.00042439,-846.046105
5,1000000,45,-21.5,6,78.228929,7805,94931.412020,0.00076874,0.00082406,-1681.921971
5,1000000,48,-23.0,128,1683.787445,7805,94931.412020,0.01639974,0.01773688,-38727.111235
5,1000000,50,-24.0,6,78.137384,7805,94931.412020,0.00076874,0.00082309,-1875.297205
5,1000000,54,-26.0,11,147.059810,7805,94931.412020,0.00140935,0.00154912,-3823.555067
5,1000000,56,-27.0,12,159.188480,7805,94931.412020,0.00153748,0.00167688,-4298.088947
5,1000000,60,-29.0,21,279.520852,7805,94931.412020,0.00269058,0.00294445,-8106.104712
5,1000000,63,-30.5,1,13.466804,7805,94931.412020,0.00012812,0.00014186,-410.737515
5,1000000,64,-31.0,12,161.283938,7805,94931.412020,0.00153748,0.00169895,-4999.802072
5,1000000,70,-34.0,1,13.718118,7805,94931.412020,0.00012812,0.00014451,-466.416019
5,1000000,72,-35.0,4,54.114745,7805,94931.412020,0.00051249,0.00057004,-1894.016061
5,1000000,80,-39.0,1,13.631107,7805,94931.412020,0.00012812,0.00014359,-531.613167
7,1000000,1,0.5,1,3.891820,4442,54031.902288,0.00022512,0.00007203,1.945910
7,1000000,2,0.0,33,253.127803,4442,54031.902288,0.00742909,0.00468478,0.000000
7,1000000,3,-0.5,33,377.825537,4442,54031.902288,0.00742909,0.00699264,-188.912768
7,1000000,4,-1.0,532,6078.173150,4442,54031.902288,0.11976587,0.11249230,-6078.173150
7,1000000,5,-1.5,4,38.763652,4442,54031.902288,0.00090050,0.00071742,-58.145478
7,1000000,6,-2.0,160,1728.721298,4442,54031.902288,0.03601981,0.03199446,-3457.442596
7,1000000,7,-2.5,3,32.082645,4442,54031.902288,0.00067537,0.00059377,-80.206613
7,1000000,8,-3.0,935,11277.354942,4442,54031.902288,0.21049077,0.20871660,-33832.064826
7,1000000,9,-3.5,37,445.837357,4442,54031.902288,0.00832958,0.00825137,-1560.430749
7,1000000,10,-4.0,72,824.130318,4442,54031.902288,0.01620891,0.01525266,-3296.521272
7,1000000,11,-4.5,1,10.823292,4442,54031.902288,0.00022512,0.00020031,-48.704814
7,1000000,12,-5.0,620,7511.743700,4442,54031.902288,0.13957677,0.13902423,-37558.718498
7,1000000,13,-5.5,1,12.209586,4442,54031.902288,0.00022512,0.00022597,-67.152726
7,1000000,14,-6.0,37,443.729234,4442,54031.902288,0.00832958,0.00821236,-2662.375404
7,1000000,15,-6.5,16,192.264811,4442,54031.902288,0.00360198,0.00355836,-1249.721271
7,1000000,16,-7.0,678,8519.099139,4442,54031.902288,0.15263395,0.15766795,-59633.693970
7,1000000,18,-8.0,129,1577.632133,4442,54031.902288,0.02904097,0.02919816,-12621.057066
7,1000000,20,-9.0,156,1946.744762,4442,54031.902288,0.03511932,0.03602954,-17520.702862
7,1000000,21,-9.5,7,86.833892,4442,54031.902288,0.00157587,0.00160709,-824.921969
7,1000000,22,-10.0,5,64.620569,4442,54031.902288,0.00112562,0.00119597,-646.205687
7,1000000,24,-11.0,465,5909.221778,4442,54031.902288,0.10468258,0.10936542,-65001.439558
7,1000000,25,-11.5,2,24.161019,4442,54031.902288,0.00045025,0.00044716,-277.851717
7,1000000,26,-12.0,1,13.308199,4442,54031.902288,0.00022512,0.00024630,-159.698385
7,1000000,27,-12.5,10,127.032660,4442,54031.902288,0.00225124,0.00235107,-1587.908246
7,1000000,28,-13.0,31,391.004053,4442,54031.902288,0.00697884,0.00723654,-5083.052693
7,1000000,30,-14.0,49,615.805021,4442,54031.902288,0.01103107,0.01139706,-8621.270299
7,1000000,32,-15.0,171,2223.973554,4442,54031.902288,0.03849617,0.04116038,-33359.603307
7,1000000,33,-15.5,1,13.020517,4442,54031.902288,0.00022512,0.00024098,-201.818009
7,1000000,35,-16.5,2,25.701235,4442,54031.902288,0.00045025,0.00047567,-424.070382
7,1000000,36,-17.0,92,1185.793740,4442,54031.902288,0.02071139,0.02194618,-20158.493574
7,1000000,40,-19.0,55,718.623259,4442,54031.902288,0.01238181,0.01329998,-13653.841930
7,1000000,42,-20.0,8,102.820415,4442,54031.902288,0.00180099,0.00190296,-2056.408293
7,1000000,44,-21.0,1,13.531342,4442,54031.902288,0.00022512,0.00025043,-284.158188
7,1000000,45,-21.5,3,38.629373,4442,54031.902288,0.00067537,0.00071494,-830.531524
7,1000000,48,-23.0,63,830.435640,4442,54031.902288,0.01418280,0.01536936,-19100.019715
7,1000000,50,-24.0,2,26.125050,4442,54031.902288,0.00045025,0.00048351,-627.001189
7,1000000,54,-26.0,4,52.368592,4442,54031.902288,0.00090050,0.00096922,-1361.583381
7,1000000,56,-27.0,4,53.028297,4442,54031.902288,0.00090050,0.00098143,-1431.764016
7,1000000,60,-29.0,11,146.963036,4442,54031.902288,0.00247636,0.00271993,-4261.928056
7,1000000,63,-30.5,1,13.466804,4442,54031.902288,0.00022512,0.00024924,-410.737515
7,1000000,64,-31.0,5,67.716950,4442,54031.902288,0.00112562,0.00125328,-2099.225445
7,1000000,72,-35.0,1,13.562114,4442,54031.902288,0.00022512,0.00025100,-474.673989
2,10000000,1,0.5,1,1.386294,226293,3257145.624652,0.00000442,0.00000043,0.693147
2,10000000,2,0.0,248,1878.699672,226293,3257145.624652,0.00109592,0.00057679,0.000000
2,10000000,3,-0.5,248,3413.598343,226293,3257145.624652,0.00109592,0.00104803,-1706.799171
2,10000000,4,-1.0,30639,421681.471029,226293,3257145.624652,0.13539526,0.12946350,-421681.471029
2,10000000,5,-1.5,11,131.017848,226293,3257145.624652,0.00004861,0.00004022,-196.526772
2,10000000,6,-2.0,2975,38239.805081,226293,3257145.624652,0.01314667,0.01174028,-76479.610162
2,10000000,7,-2.5,4,47.856311,226293,3257145.624652,0.00001768,0.00001469,-119.640778
2,10000000,8,-3.0,67976,967968.330110,226293,3257145.624652,0.30038932,0.29718301,-2903904.990330
2,10000000,9,-3.5,311,4425.171473,226293,3257145.624652,0.00137432,0.00135860,-15488.100155
2,10000000,10,-4.0,579,7614.092456,226293,3257145.624652,0.00255863,0.00233766,-30456.369823
2,10000000,11,-4.5,1,12.372417,226293,3257145.624652,0.00000442,0.00000380,-55.675878
2,10000000,12,-5.0,23891,341171.150716,226293,3257145.624652,0.10557551,0.10474544,-1705855.753579
2,10000000,13,-5.5,1,14.569642,226293,3257145.624652,0.00000442,0.00000447,-80.133030
2,10000000,14,-6.0,264,3746.021632,226293,3257145.624652,0.00116663,0.00115009,-22476.129791
2,10000000,15,-6.5,73,1035.185700,226293,3257145.624652,0.00032259,0.00031782,-6728.707050
2,10000000,16,-7.0,49476,725715.803677,226293,3257145.624652,0.21863690,0.22280729,-5080010.625737
2,10000000,18,-8.0,2368,34007.549792,226293,3257145.624652,0.01046431,0.01044091,-272060.398337
2,10000000,20,-9.0,2876,42007.209738,226293,3257145.624652,0.01270919,0.01289694,-378064.887642
2,10000000,21,-9.5,18,257.241638,226293,3257145.624652,0.00007954,0.00007898,-2443.795559
2,10000000,22,-10.0,6,88.530349,226293,3257145.624652,0.00002651,0.00002718,-885.303485
2,10000000,24,-11.0,21509,318854.710029,226293,3257145.624652,0.09504934,0.09789391,-3507401.810316
2,10000000,25,-11.5,5,72.803431,226293,3257145.624652,0.00002210,0.00002235,-837.239462
2,10000000,27,-12.5,89,1318.923523,226293,3257145.624652,0.00039330,0.00040493,-16486.544035
2,10000000,28,-13.0,316,4687.700929,226293,3257145.624652,0.00139642,0.00143921,-60940.112076
2,10000000,30,-14.0,472,6959.947681,226293,3257145.624652,0.00208579,0.00213682,-97439.267529
2,10000000,32,-15.0,11963,180241.734110,226293,3257145.624652,0.05286509,0.05533733,-2703626.011656
2,10000000,33,-15.5,1,15.591293,226293,3257145.624652,0.00000442,0.00000479,-241.665043
2,10000000,35,-16.5,3,45.614699,226293,3257145.624652,0.00001326,0.00001400,-752.642540
2,10000000,36,-17.0,2790,41865.572897,226293,3257145.624652,0.01232915,0.01285345,-711714.739244
2,10000000,40,-19.0,1231,18602.165279,226293,3257145.624652,0.00543985,0.00571119,-353441.140306
2,10000000,42,-20.0,53,799.795636,226293,3257145.624652,0.00023421,0.00024555,-15995.912721
2,10000000,45,-21.5,20,299.129760,226293,3257145.624652,0.00008838,0.00009184,-6431.289843
2,10000000,48,-23.0,4171,63604.654450,226293,3257145.624652,0.01843186,0.01952773,-1462907.052352
2,10000000,50,-24.0,9,135.544968,226293,3257145.624652,0.00003977,0.00004161,-3253.079225
2,10000000,54,-26.0,133,2025.862120,226293,3257145.624652,0.00058773,0.00062197,-52672.415115
2,10000000,56,-27.0,59,906.500307,226293,3257145.624652,0.00026072,0.00027831,-24475.508299
2,10000000,60,-29.0,221,3395.628814,226293,3257145.624652,0.00097661,0.00104252,-98473.235598
2,10000000,63,-30.5,2,31.081299,226293,3257145.624652,0.00000884,0.00000954,-947.979610
2,10000000,64,-31.0,713,11008.018899,226293,3257145.624652,0.00315078,0.00337965,-341248.585863
2,10000000,72,-35.0,387,5996.868247,226293,3257145.624652,0.00171017,0.00184114,-209890.388634
2,10000000,75,-36.5,1,16.110315,226293,3257145.624652,0.00000442,0.00000495,-588.026514
2,10000000,80,-39.0,77,1200.610585,226293,3257145.624652,0.00034027,0.00036861,-46823.812831
2,10000000,81,-39.5,2,31.314119,226293,3257145.624652,0.00000884,0.00000961,-1236.907716
2,10000000,84,-41.0,5,79.188635,226293,3257145.624652,0.00002210,0.00002431,-3246.734027
2,10000000,90,-44.0,7,110.149938,226293,3257145.624652,0.00003093,0.00003382,-4846.597255
2,10000000,96,-47.0,81,1271.576506,226293,3257145.624652,0.00035794,0.00039040,-59764.095794
2,10000000,108,-53.0,5,79.820355,226293,3257145.624652,0.00002210,0.00002451,-4230.478829
2,10000000,120,-59.0,1,15.908374,226293,3257145.624652,0.00000442,0.00000488,-938.594073
2,10000000,128,-63.0,1,16.033537,226293,3257145.624652,0.00000442,0.00000492,-1010.112848
3,10000000,1,0.5,1,2.197225,151500,2191604.170829,0.00000660,0.00000100,1.098612
3,10000000,2,0.0,176,1404.288291,151500,2191604.170829,0.00116172,0.00064076,0.000000
3,10000000,3,-0.5,176,2421.865056,151500,2191604.170829,0.00116172,0.00110506,-1210.932528
3,10000000,4,-1.0,15410,212009.941943,151500,2191604.170829,0.10171617,0.09673733,-212009.941943
3,10000000,5,-1.5,10,121.675324,151500,2191604.170829,0.00006601,0.00005552,-182.512985
3,10000000,6,-2.0,1939,25216.095982,151500,2191604.170829,0.01279868,0.01150577,-50432.191965
3,10000000,7,-2.5,3,32.082645,151500,2191604.170829,0.00001980,0.00001464,-80.206613
3,10000000,8,-3.0,34043,484723.262939,151500,2191604.170829,0.22470627,0.22117281,-1454169.788818
3,10000000,9,-3.5,233,3305.989095,151500,2191604.170829,0.00153795,0.00150848,-11570.961832
3,10000000,10,-4.0,391,4975.819174,151500,2191604.170829,0.00258086,0.00227040,-19903.276696
3,10000000,11,-4.5,1,9.128696,151500,2191604.170829,0.00000660,0.00000417,-41.079134
3,10000000,12,-5.0,15733,224411.240597,151500,2191604.170829,0.10384818,0.10239588,-1122056.202985
3,10000000,13,-5.5,1,10.514991,151500,2191604.170829,0.00000660,0.00000480,-57.832449
3,10000000,14,-6.0,188,2316.009623,151500,2191604.170829,0.00124092,0.00105676,-13896.057739
3,10000000,15,-6.5,79,1109.066070,151500,2191604.170829,0.00052145,0.00050605,-7208.929457
3,10000000,16,-7.0,29132,426199.753067,151500,2191604.170829,0.19229043,0.19446931,-2983398.271466
3,10000000,17,-7.5,1,13.287579,151500,2191604.170829,0.00000660,0.00000606,-99.656846
3,10000000,18,-8.0,1719,24195.092129,151500,2191604.170829,0.01134653,0.01103990,-193560.737033
3,10000000,19,-8.5,1,14.673874,151500,2191604.170829,0.00000660,0.00000670,-124.727928
3,10000000,20,-9.0,4411,63876.570065,151500,2191604.170829,0.02911551,0.02914603,-574889.130583
3,10000000,21,-9.5,34,480.983055,151500,2191604.170829,0.00022442,0.00021947,-4569.339026
3,10000000,22,-10.0,175,2614.405485,151500,2191604.170829,0.00115512,0.00119292,-26144.054850
3,10000000,24,-11.0,18554,274274.614638,151500,2191604.170829,0.12246865,0.12514788,-3017020.761015
3,10000000,25,-11.5,4,53.952024,151500,2191604.170829,0.00002640,0.00002462,-620.448276
3,10000000,26,-12.0,54,809.257931,151500,2191604.170829,0.00035644,0.00036925,-9711.095171
3,10000000,27,-12.5,88,1290.414417,151500,2191604.170829,0.00058086,0.00058880,-16130.180213
3,10000000,28,-13.0,1560,22949.760918,151500,2191604.170829,0.01029703,0.01047167,-298346.891939
3,10000000,30,-14.0,774,11293.332876,151500,2191604.170829,0.00510891,0.00515300,-158106.660264
3,10000000,32,-15.0,10970,164735.041250,151500,2191604.170829,0.07240924,0.07516642,-2471025.618745
3,10000000,33,-15.5,9,130.623512,151500,2191604.170829,0.00005941,0.00005960,-2024.664436
3,10000000,34,-16.0,4,61.668511,151500,2191604.170829,0.00002640,0.00002814,-986.696169
3,10000000,35,-16.5,4,57.507737,151500,2191604.170829,0.00002640,0.00002624,-948.877662
3,10000000,36,-17.0,3143,46915.073917,151500,2191604.170829,0.02074587,0.02140673,-797556.256582
3,10000000,39,-18.5,4,59.096348,151500,2191604.170829,0.00002640,0.00002696,-1093.282445
3,10000000,40,-19.0,3113,46814.823627,151500,2191604.170829,0.02054785,0.02136098,-889481.648911
3,10000000,42,-20.0,240,3566.951376,151500,2191604.170829,0.00158416,0.00162755,-71339.027527
3,10000000,44,-21.0,136,2075.009965,151500,2191604.170829,0.00089769,0.00094680,-43575.209268
3,10000000,45,-21.5,36,537.309768,151500,2191604.170829,0.00023762,0.00024517,-11552.160003
3,10000000,48,-23.0,5036,76481.941666,151500,2191604.170829,0.03324092,0.03489770,-1759084.658320
3,10000000,49,-23.5,1,16.012735,151500,2191604.170829,0.00000660,0.00000731,-376.299276
3,10000000,50,-24.0,30,454.349107,151500,2191604.170829,0.00019802,0.00020731,-10904.378556
3,10000000,52,-25.0,27,417.438042,151500,2191604.170829,0.00017822,0.00019047,-10435.951054
3,10000000,54,-26.0,190,2868.354764,151500,2191604.170829,0.00125413,0.00130879,-74577.223860
3,10000000,55,-26.5,1,15.566448,151500,2191604.170829,0.00000660,0.00000710,-412.510873
3,10000000,56,-27.0,558,8472.334004,151500,2191604.170829,0.00368317,0.00386581,-228753.018112
3,10000000,60,-29.0,549,8347.624113,151500,2191604.170829,0.00362376,0.00380891,-242081.099266
3,10000000,63,-30.5,9,135.429603,151500,2191604.170829,0.00005941,0.00006179,-4130.602903
3,10000000,64,-31.0,1141,17533.240692,151500,2191604.170829,0.00753135,0.00800019,-543530.461463
3,10000000,66,-32.0,18,278.148270,151500,2191604.170829,0.00011881,0.00012692,-8900.744628
3,10000000,70,-34.0,7,108.334243,151500,2191604.170829,0.00004620,0.00004943,-3683.364274
3,10000000,72,-35.0,627,9642.988876,151500,2191604.170829,0.00413861,0.00439997,-337504.610669
3,10000000,75,-36.5,2,31.271715,151500,2191604.170829,0.00001320,0.00001427,-1141.417596
3,10000000,78,-38.0,2,31.696026,151500,2191604.170829,0.00001320,0.00001446,-1204.448976
3,10000000,80,-39.0,329,5092.272783,151500,2191604.170829,0.00217162,0.00232354,-198598.638524
3,10000000,81,-39.5,5,78.015462,151500,2191604.170829,0.00003300,0.00003560,-3081.610768
3,10000000,84,-41.0,79,1215.691850,151500,2191604.170829,0.00052145,0.00055470,-49843.365847
3,10000000,88,-43.0,11,173.038615,151500,2191604.170829,0.00007261,0.00007896,-7440.660466
3,10000000,90,-44.0,22,339.913763,151500,2191604.170829,0.00014521,0.00015510,-14956.205579
3,10000000,96,-47.0,233,3633.433519,151500,2191604.170829,0.00153795,0.00165789,-170771.375385
3,10000000,100,-49.0,2,31.669795,151500,2191604.170829,0.00001320,0.00001445,-1551.819947
3,10000000,108,-53.0,18,282.647935,151500,2191604.170829,0.00011881,0.00012897,-14980.340543
3,10000000,112,-55.0,21,328.694173,151500,2191604.170829,0.00013861,0.00014998,-18078.179508
3,10000000,120,-59.0,20,315.321986,151500,2191604.170829,0.00013201,0.00014388,-18603.997202
3,10000000,126,-62.0,2,31.896452,151500,2191604.170829,0.00001320,0.00001455,-1977.580036
3,10000000,128,-63.0,9,142.671881,151500,2191604.170829,0.00005941,0.00006510,-8988.328515
3,10000000,144,-71.0,1,15.790591,151500,2191604.170829,0.00000660,0.00000721,-1121.131967
5,10000000,1,0.5,1,3.218876,72204,1046834.146750,0.00001385,0.00000307,1.609438
5,10000000,2,0.0,114,966.849294,72204,1046834.146750,0.00157886,0.00092359,0.000000
5,10000000,3,-0.5,114,1566.746745,72204,1046834.146750,0.00157886,0.00149665,-783.373372
5,10000000,4,-1.0,6449,88599.783076,72204,1046834.146750,0.08931638,0.08463593,-88599.783076
5,10000000,5,-1.5,8,96.205650,72204,1046834.146750,0.00011080,0.00009190,-144.308475
5,10000000,6,-2.0,1033,13399.144912,72204,1046834.146750,0.01430669,0.01279968,-26798.289823
5,10000000,7,-2.5,3,32.082645,72204,1046834.146750,0.00004155,0.00003065,-80.206613
5,10000000,8,-3.0,14297,203789.270195,72204,1046834.146750,0.19800842,0.19467197,-611367.810584
5,10000000,9,-3.5,156,2211.391541,72204,1046834.146750,0.00216055,0.00211246,-7739.870395
5,10000000,10,-4.0,255,3146.968293,72204,1046834.146750,0.00353166,0.00300618,-12587.873172
5,10000000,11,-4.5,2,24.355346,72204,1046834.146750,0.00002770,0.00002327,-109.599059
5,10000000,12,-5.0,7846,111969.712600,72204,1046834.146750,0.10866434,0.10696032,-559848.563000
5,10000000,13,-5.5,1,11.536642,72204,1046834.146750,0.00001385,0.00001102,-63.451531
5,10000000,14,-6.0,158,2062.640486,72204,1046834.146750,0.00218824,0.00197036,-12375.842914
5,10000000,15,-6.5,61,857.189092,72204,1046834.146750,0.00084483,0.00081884,-5571.729098
5,10000000,16,-7.0,13057,191364.796787,72204,1046834.146750,0.18083486,0.18280336,-1339553.577508
5,10000000,17,-7.5,1,14.309231,72204,1046834.146750,0.00001385,0.00001367,-107.319230
5,10000000,18,-8.0,1078,15330.188492,72204,1046834.146750,0.01492992,0.01464433,-122641.507940
5,10000000,19,-8.5,1,15.695525,72204,1046834.146750,0.00001385,0.00001499,-133.411963
5,10000000,20,-9.0,2266,32985.759158,72204,1046834.146750,0.03138330,0.03151001,-296871.832420
5,10000000,21,-9.5,27,385.146357,72204,1046834.146750,0.00037394,0.00036792,-3658.890389
5,10000000,22,-10.0,64,946.305317,72204,1046834.146750,0.00088638,0.00090397,-9463.053174
5,10000000,24,-11.0,8985,132720.502401,72204,1046834.146750,0.12443909,0.12678274,-1459925.526411
5,10000000,25,-11.5,4,55.141030,72204,1046834.146750,0.00005540,0.00005267,-634.121846
5,10000000,26,-12.0,20,298.676457,72204,1046834.146750,0.00027699,0.00028531,-3584.117486
5,10000000,27,-12.5,62,907.753526,72204,1046834.146750,0.00085868,0.00086714,-11346.919080
5,10000000,28,-13.0,693,10234.524713,72204,1046834.146750,0.00959781,0.00977664,-133048.821268
5,10000000,30,-14.0,473,6805.534442,72204,1046834.146750,0.00655088,0.00650106,-95277.482190
5,10000000,32,-15.0,5146,77274.226529,72204,1046834.146750,0.07127029,0.07381707,-1159113.397928
5,10000000,33,-15.5,7,104.063418,72204,1046834.146750,0.00009695,0.00009941,-1612.982973
5,10000000,34,-16.0,1,15.407843,72204,1046834.146750,0.00001385,0.00001472,-246.525488
5,10000000,35,-16.5,3,39.516746,72204,1046834.146750,0.00004155,0.00003775,-652.026306
5,10000000,36,-17.0,2056,30664.682969,72204,1046834.146750,0.02847488,0.02929278,-521299.610480
5,10000000,39,-18.5,2,29.162329,72204,1046834.146750,0.00002770,0.00002786,-539.503084
5,10000000,40,-19.0,1638,24645.612330,72204,1046834.146750,0.02268572,0.02354300,-468266.634276
5,10000000,42,-20.0,192,2864.014660,72204,1046834.146750,0.00265913,0.00273588,-57280.293205
5,10000000,44,-21.0,43,650.381912,72204,1046834.146750,0.00059553,0.00062128,-13658.020155
5,10000000,45,-21.5,29,425.201986,72204,1046834.146750,0.00040164,0.00040618,-9141.842692
5,10000000,48,-23.0,2985,45282.922476,72204,1046834.146750,0.04134120,0.04325702,-1041507.216956
5,10000000,49,-23.5,1,13.969433,72204,1046834.146750,0.00001385,0.00001334,-328.281667
5,10000000,50,-24.0,45,660.481965,72204,1046834.146750,0.00062323,0.00063093,-15851.567162
5,10000000,52,-25.0,8,122.346353,72204,1046834.146750,0.00011080,0.00011687,-3058.658832
5,10000000,54,-26.0,157,2368.697713,72204,1046834.146750,0.00217439,0.00226272,-61586.140529
5,10000000,55,-26.5,1,14.544797,72204,1046834.146750,0.00001385,0.00001389,-385.437115
5,10000000,56,-27.0,295,4490.550372,72204,1046834.146750,0.00408565,0.00428965,-121244.860032
5,10000000,60,-29.0,528,8021.967887,72204,1046834.146750,0.00731261,0.00766307,-232637.068710
5,10000000,63,-30.5,10,151.596099,72204,1046834.146750,0.00013850,0.00014481,-4623.681019
5,10000000,64,-31.0,647,9936.454591,72204,1046834.146750,0.00896072,0.00949191,-308030.092306
5,10000000,65,-31.5,1,15.931091,72204,1046834.146750,0.00001385,0.00001522,-501.829371
5,10000000,66,-32.0,11,168.146441,72204,1046834.146750,0.00015235,0.00016062,-5380.686126
5,10000000,70,-34.0,22,333.598478,72204,1046834.146750,0.00030469,0.00031867,-11342.348248
5,10000000,72,-35.0,508,7813.632128,72204,1046834.146750,0.00703562,0.00746406,-273477.124474
5,10000000,75,-36.5,5,76.999921,72204,1046834.146750,0.00006925,0.00007356,-2810.497108
5,10000000,78,-38.0,1,15.679777,72204,1046834.146750,0.00001385,0.00001498,-595.831515
5,10000000,80,-39.0,238,3675.160165,72204,1046834.146750,0.00329622,0.00351074,-143331.246446
5,10000000,81,-39.5,5,78.015462,72204,1046834.146750,0.00006925,0.00007453,-3081.610768
5,10000000,84,-41.0,77,1188.936275,72204,1046834.146750,0.00106642,0.00113574,-48746.387256
5,10000000,88,-43.0,5,78.599893,72204,1046834.146750,0.00006925,0.00007508,-3379.795401
5,10000000,90,-44.0,33,511.503652,72204,1046834.146750,0.00045704,0.00048862,-22506.160699
5,10000000,96,-47.0,185,2884.695211,72204,1046834.146750,0.00256218,0.00275564,-135580.674931
5,10000000,98,-48.0,1,15.915343,72204,1046834.146750,0.00001385,0.00001520,-763.936454
5,10000000,100,-49.0,16,249.119410,72204,1046834.146750,0.00022159,0.00023797,-12206.851099
5,10000000,105,-51.5,1,15.664028,72204,1046834.146750,0.00001385,0.00001496,-806.697461
5,10000000,108,-53.0,16,251.189471,72204,1046834.146750,0.00022159,0.00023995,-13313.041957
5,10000000,112,-55.0,16,251.100072,72204,1046834.146750,0.00022159,0.00023987,-13810.503957
5,10000000,120,-59.0,28,442.448212,72204,1046834.146750,0.00038779,0.00042265,-26104.444489
5,10000000,126,-62.0,2,31.896452,72204,1046834.146750,0.00002770,0.00003047,-1977.580036
5,10000000,128,-63.0,8,126.834586,72204,1046834.146750,0.00011080,0.00012116,-7990.578892
5,10000000,144,-71.0,2,31.849446,72204,1046834.146750,0.00002770,0.00003042,-2261.310677
7,10000000,1,0.5,1,3.891820,41424,600733.312303,0.00002414,0.00000648,1.945910
7,10000000,2,0.0,86,757.993927,41424,600733.312303,0.00207609,0.00126178,0.000000
7,10000000,3,-0.5,86,1181.291308,41424,600733.312303,0.00207609,0.00196642,-590.645654
7,10000000,4,-1.0,3662,50274.548427,41424,600733.312303,0.08840286,0.08368863,-50274.548427
7,10000000,5,-1.5,7,83.809519,41424,600733.312303,0.00016898,0.00013951,-125.714279
7,10000000,6,-2.0,691,8958.543277,41424,600733.312303,0.01668115,0.01491268,-17917.086555
7,10000000,7,-2.5,3,32.082645,41424,600733.312303,0.00007242,0.00005341,-80.206613
7,10000000,8,-3.0,7975,113666.268051,41424,600733.312303,0.19252124,0.18921253,-340998.804153
7,10000000,9,-3.5,116,1643.348417,41424,600733.312303,0.00280031,0.00273557,-5751.719460
7,10000000,10,-4.0,197,2485.972391,41424,600733.312303,0.00475570,0.00413823,-9943.889562
7,10000000,11,-4.5,2,25.701235,41424,600733.312303,0.00004828,0.00004278,-115.655559
7,10000000,12,-5.0,4747,67914.905369,41424,600733.312303,0.11459540,0.11305334,-339574.526844
7,10000000,13,-5.5,1,12.209586,41424,600733.312303,0.00002414,0.00002032,-67.152726
7,10000000,14,-6.0,121,1623.263781,41424,600733.312303,0.00292101,0.00270214,-9739.582685
7,10000000,15,-6.5,49,693.406268,41424,600733.312303,0.00118289,0.00115427,-4507.140744
7,10000000,16,-7.0,7239,106217.247600,41424,600733.312303,0.17475377,0.17681265,-743520.733202
7,10000000,17,-7.5,1,14.982175,41424,600733.312303,0.00002414,0.00002494,-112.366314
7,10000000,18,-8.0,695,9845.913515,41424,600733.312303,0.01677771,0.01638982,-78767.308122
7,10000000,20,-9.0,1256,18262.535130,41424,600733.312303,0.03032059,0.03040040,-164362.816170
7,10000000,21,-9.5,20,284.438005,41424,600733.312303,0.00048281,0.00047348,-2702.161052
7,10000000,22,-10.0,27,391.932246,41424,600733.312303,0.00065180,0.00065242,-3919.322461
7,10000000,24,-11.0,5205,77009.226456,41424,600733.312303,0.12565180,0.12819204,-847101.491011
7,10000000,25,-11.5,3,38.885040,41424,600733.312303,0.00007242,0.00006473,-447.177959
7,10000000,26,-12.0,7,102.051147,41424,600733.312303,0.00016898,0.00016988,-1224.613759
7,10000000,27,-12.5,48,705.853975,41424,600733.312303,0.00115875,0.00117499,-8823.174692
7,10000000,28,-13.0,377,5568.536668,41424,600733.312303,0.00910100,0.00926957,-72390.976687
7,10000000,30,-14.0,370,5401.467131,41424,600733.312303,0.00893202,0.00899146,-75620.539836
7,10000000,32,-15.0,2838,42728.654941,41424,600733.312303,0.06851101,0.07112749,-640929.824108
7,10000000,33,-15.5,4,58.634958,41424,600733.312303,0.00009656,0.00009761,-908.841850
7,10000000,35,-16.5,3,40.189690,41424,600733.312303,0.00007242,0.00006690,-663.129890
7,10000000,36,-17.0,1271,19009.071032,41424,600733.312303,0.03068270,0.03164311,-323154.207541
7,10000000,39,-18.5,2,29.835273,41424,600733.312303,0.00004828,0.00004966,-551.952557
7,10000000,40,-19.0,867,13053.413736,41424,600733.312303,0.02092990,0.02172913,-248014.860975
7,10000000,42,-20.0,101,1496.587602,41424,600733.312303,0.00243820,0.00249127,-29931.752040
7,10000000,44,-21.0,21,317.774112,41424,600733.312303,0.00050695,0.00052898,-6673.256344
7,10000000,45,-21.5,24,356.436037,41424,600733.312303,0.00057937,0.00059333,-7663.374789
7,10000000,48,-23.0,1685,25619.846456,41424,600733.312303,0.04067690,0.04264762,-589256.468479
7,10000000,49,-23.5,1,14.642377,41424,600733.312303,0.00002414,0.00002437,-344.095862
7,10000000,50,-24.0,38,573.038457,41424,600733.312303,0.00091734,0.00095390,-13752.922975
7,10000000,52,-25.0,4,62.002302,41424,600733.312303,0.00009656,0.00010321,-1550.057553
7,10000000,54,-26.0,113,1711.746409,41424,600733.312303,0.00272789,0.00284943,-44505.406637
7,10000000,55,-26.5,1,15.217741,41424,600733.312303,0.00002414,0.00002533,-403.270143
7,10000000,56,-27.0,148,2257.056091,41424,600733.312303,0.00357281,0.00375717,-60940.514447
7,10000000,60,-29.0,302,4599.371209,41424,600733.312303,0.00729046,0.00765626,-133381.765075
7,10000000,63,-30.5,7,106.985409,41424,600733.312303,0.00016898,0.00017809,-3263.054976
7,10000000,64,-31.0,339,5218.009800,41424,600733.312303,0.00818366,0.00868607,-161758.303785
7,10000000,66,-32.0,5,76.628343,41424,600733.312303,0.00012070,0.00012756,-2452.106971
7,10000000,70,-34.0,13,199.831601,41424,600733.312303,0.00031383,0.00033265,-6794.274433
7,10000000,72,-35.0,307,4730.469282,41424,600733.312303,0.00741116,0.00787449,-165566.424858
7,10000000,75,-36.5,4,61.542083,41424,600733.312303,0.00009656,0.00010244,-2246.286045
7,10000000,80,-39.0,122,1889.487161,41424,600733.312303,0.00294515,0.00314530,-73689.999270
7,10000000,81,-39.5,3,46.167218,41424,600733.312303,0.00007242,0.00007685,-1823.605092
7,10000000,84,-41.0,36,553.916004,41424,600733.312303,0.00086906,0.00092207,-22710.556144
7,10000000,88,-43.0,2,31.657804,41424,600733.312303,0.00004828,0.00005270,-1361.285592
7,10000000,90,-44.0,25,386.855116,41424,600733.312303,0.00060351,0.00064397,-17021.625115
7,10000000,96,-47.0,100,1562.309877,41424,600733.312303,0.00241406,0.00260067,-73428.564236
7,10000000,100,-49.0,8,125.161938,41424,600733.312303,0.00019312,0.00020835,-6132.934974
7,10000000,105,-51.5,1,15.664028,41424,600733.312303,0.00002414,0.00002607,-806.697461
7,10000000,108,-53.0,14,220.886963,41424,600733.312303,0.00033797,0.00036770,-11707.009032
7,10000000,112,-55.0,6,94.275870,41424,600733.312303,0.00014484,0.00015693,-5185.172850
7,10000000,120,-59.0,13,205.857418,41424,600733.312303,0.00031383,0.00034268,-12145.587661
7,10000000,126,-62.0,2,31.896452,41424,600733.312303,0.00004828,0.00005310,-1977.580036
7,10000000,128,-63.0,2,31.886402,41424,600733.312303,0.00004828,0.00005308,-2008.843317
