n,K,D,N_D,log_N_D_over_K,M_n,frac
2,10000,1,1,-9.210340,1040,0.000962
2,10000,2,24,-6.032287,1040,0.023077
2,10000,3,24,-6.032287,1040,0.023077
2,10000,4,279,-3.579129,1040,0.268269
2,10000,5,3,-8.111728,1040,0.002885
2,10000,6,83,-4.791500,1040,0.079808
2,10000,7,1,-9.210340,1040,0.000962
2,10000,8,330,-3.411248,1040,0.317308
2,10000,9,17,-6.377127,1040,0.016346
2,10000,10,24,-6.032287,1040,0.023077
2,10000,12,145,-4.233607,1040,0.139423
2,10000,14,3,-8.111728,1040,0.002885
2,10000,15,4,-7.824046,1040,0.003846
2,10000,16,68,-4.990833,1040,0.065385
2,10000,18,15,-6.502290,1040,0.014423
2,10000,20,7,-7.264430,1040,0.006731
2,10000,24,12,-6.725434,1040,0.011538
3,10000,1,1,-9.210340,1555,0.000643
3,10000,2,24,-6.032287,1555,0.015434
3,10000,3,24,-6.032287,1555,0.015434
3,10000,4,279,-3.579129,1555,0.179421
3,10000,5,3,-8.111728,1555,0.001929
3,10000,6,87,-4.744432,1555,0.055949
3,10000,7,1,-9.210340,1555,0.000643
3,10000,8,376,-3.280751,1555,0.241801
3,10000,9,21,-6.165818,1555,0.013505
3,10000,10,26,-5.952244,1555,0.016720
3,10000,11,1,-9.210340,1555,0.000643
3,10000,12,248,-3.696912,1555,0.159486
3,10000,13,1,-9.210340,1555,0.000643
3,10000,14,23,-6.074846,1555,0.014791
3,10000,15,9,-7.013116,1555,0.005788
3,10000,16,195,-3.937341,1555,0.125402
3,10000,18,51,-5.278515,1555,0.032797
3,10000,20,55,-5.203007,1555,0.035370
3,10000,21,3,-8.111728,1555,0.001929
3,10000,22,1,-9.210340,1555,0.000643
3,10000,24,86,-4.755993,1555,0.055305
3,10000,25,1,-9.210340,1555,0.000643
3,10000,27,2,-8.517193,1555,0.001286
3,10000,28,9,-7.013116,1555,0.005788
3,10000,30,8,-7.130899,1555,0.005145
3,10000,32,12,-6.725434,1555,0.007717
3,10000,36,6,-7.418581,1555,0.003859
3,10000,40,2,-8.517193,1555,0.001286
5,10000,1,1,-9.210340,2008,0.000498
5,10000,2,24,-6.032287,2008,0.011952
5,10000,3,24,-6.032287,2008,0.011952
5,10000,4,279,-3.579129,2008,0.138944
5,10000,5,3,-8.111728,2008,0.001494
5,10000,6,91,-4.699481,2008,0.045319
5,10000,7,2,-8.517193,2008,0.000996
5,10000,8,439,-3.125841,2008,0.218625
5,10000,9,25,-5.991465,2008,0.012450
5,10000,10,48,-5.339139,2008,0.023904
5,10000,11,1,-9.210340,2008,0.000498
5,10000,12,312,-3.467337,2008,0.155378
5,10000,13,1,-9.210340,2008,0.000498
5,10000,14,26,-5.952244,2008,0.012948
5,10000,15,11,-6.812445,2008,0.005478
5,10000,16,267,-3.623092,2008,0.132968
5,10000,18,58,-5.149897,2008,0.028884
5,10000,20,69,-4.976234,2008,0.034363
5,10000,21,4,-7.824046,2008,0.001992
5,10000,22,1,-9.210340,2008,0.000498
5,10000,24,178,-4.028557,2008,0.088645
5,10000,25,1,-9.210340,2008,0.000498
5,10000,27,4,-7.824046,2008,0.001992
5,10000,28,16,-6.437752,2008,0.007968
5,10000,30,25,-5.991465,2008,0.012450
5,10000,32,41,-5.496768,2008,0.020418
5,10000,33,1,-9.210340,2008,0.000498
5,10000,35,1,-9.210340,2008,0.000498
5,10000,36,31,-5.776353,2008,0.015438
5,10000,40,11,-6.812445,2008,0.005478
5,10000,42,4,-7.824046,2008,0.001992
5,10000,45,1,-9.210340,2008,0.000498
5,10000,48,8,-7.130899,2008,0.003984
7,10000,1,1,-9.210340,2234,0.000448
7,10000,2,24,-6.032287,2234,0.010743
7,10000,3,24,-6.032287,2234,0.010743
7,10000,4,279,-3.579129,2234,0.124888
7,10000,5,3,-8.111728,2234,0.001343
7,10000,6,93,-4.677741,2234,0.041629
7,10000,7,2,-8.517193,2234,0.000895
7,10000,8,476,-3.044923,2234,0.213071
7,10000,9,27,-5.914504,2234,0.012086
7,10000,10,49,-5.318520,2234,0.021934
7,10000,11,1,-9.210340,2234,0.000448
7,10000,12,335,-3.396210,2234,0.149955
7,10000,13,1,-9.210340,2234,0.000448
7,10000,14,26,-5.952244,2234,0.011638
7,10000,15,12,-6.725434,2234,0.005372
7,10000,16,296,-3.519981,2234,0.132498
7,10000,18,76,-4.879607,2234,0.034020
7,10000,20,83,-4.791500,2234,0.037153
7,10000,21,4,-7.824046,2234,0.001791
7,10000,22,2,-8.517193,2234,0.000895
7,10000,24,215,-3.839702,2234,0.096240
7,10000,25,2,-8.517193,2234,0.000895
7,10000,27,5,-7.600902,2234,0.002238
7,10000,28,21,-6.165818,2234,0.009400
7,10000,30,30,-5.809143,2234,0.013429
7,10000,32,54,-5.221356,2234,0.024172
7,10000,33,1,-9.210340,2234,0.000448
7,10000,35,1,-9.210340,2234,0.000448
7,10000,36,45,-5.403678,2234,0.020143
7,10000,40,16,-6.437752,2234,0.007162
7,10000,42,4,-7.824046,2234,0.001791
7,10000,45,2,-8.517193,2234,0.000895
7,10000,48,19,-6.265901,2234,0.008505
7,10000,50,1,-9.210340,2234,0.000448
7,10000,54,2,-8.517193,2234,0.000895
7,10000,56,1,-9.210340,2234,0.000448
7,10000,60,1,-9.210340,2234,0.000448
11,10000,1,1,-9.210340,2449,0.000408
11,10000,2,24,-6.032287,2449,0.009800
11,10000,3,24,-6.032287,2449,0.009800
11,10000,4,280,-3.575551,2449,0.114332
11,10000,5,4,-7.824046,2449,0.001633
11,10000,6,114,-4.474142,2449,0.046550
11,10000,7,2,-8.517193,2449,0.000817
11,10000,8,499,-2.997734,2449,0.203757
11,10000,9,28,-5.878136,2449,0.011433
11,10000,10,50,-5.298317,2449,0.020416
11,10000,11,1,-9.210340,2449,0.000408
11,10000,12,369,-3.299544,2449,0.150674
11,10000,13,1,-9.210340,2449,0.000408
11,10000,14,26,-5.952244,2449,0.010617
11,10000,15,13,-6.645391,2449,0.005308
11,10000,16,326,-3.423443,2449,0.133116
11,10000,18,90,-4.710531,2449,0.036750
11,10000,20,85,-4.767689,2449,0.034708
11,10000,21,4,-7.824046,2449,0.001633
11,10000,22,2,-8.517193,2449,0.000817
11,10000,24,256,-3.665163,2449,0.104532
11,10000,25,2,-8.517193,2449,0.000817
11,10000,27,6,-7.418581,2449,0.002450
11,10000,28,22,-6.119298,2449,0.008983
11,10000,30,32,-5.744604,2449,0.013067
11,10000,32,65,-5.035953,2449,0.026541
11,10000,33,1,-9.210340,2449,0.000408
11,10000,35,1,-9.210340,2449,0.000408
11,10000,36,57,-5.167289,2449,0.023275
11,10000,40,20,-6.214608,2449,0.008167
11,10000,42,5,-7.600902,2449,0.002042
11,10000,45,3,-8.111728,2449,0.001225
11,10000,48,27,-5.914504,2449,0.011025
11,10000,50,1,-9.210340,2449,0.000408
11,10000,54,3,-8.111728,2449,0.001225
11,10000,56,2,-8.517193,2449,0.000817
11,10000,60,2,-8.517193,2449,0.000817
11,10000,64,1,-9.210340,2449,0.000408
13,10000,1,1,-9.210340,2525,0.000396
13,10000,2,24,-6.032287,2525,0.009505
13,10000,3,24,-6.032287,2525,0.009505
13,10000,4,280,-3.575551,2525,0.110891
13,10000,5,4,-7.824046,2525,0.001584
13,10000,6,114,-4.474142,2525,0.045149
13,10000,7,2,-8.517193,2525,0.000792
13,10000,8,499,-2.997734,2525,0.197624
13,10000,9,28,-5.878136,2525,0.011089
13,10000,10,50,-5.298317,2525,0.019802
13,10000,11,1,-9.210340,2525,0.000396
13,10000,12,384,-3.259698,2525,0.152079
13,10000,13,1,-9.210340,2525,0.000396
13,10000,14,27,-5.914504,2525,0.010693
13,10000,15,14,-6.571283,2525,0.005545
13,10000,16,341,-3.378458,2525,0.135050
13,10000,18,93,-4.677741,2525,0.036832
13,10000,20,92,-4.688552,2525,0.036436
13,10000,21,5,-7.600902,2525,0.001980
13,10000,22,2,-8.517193,2525,0.000792
13,10000,24,269,-3.615629,2525,0.106535
13,10000,25,2,-8.517193,2525,0.000792
13,10000,27,6,-7.418581,2525,0.002376
13,10000,28,22,-6.119298,2525,0.008713
13,10000,30,34,-5.683980,2525,0.013465
13,10000,32,70,-4.961845,2525,0.027723
13,10000,33,1,-9.210340,2525,0.000396
13,10000,35,1,-9.210340,2525,0.000396
13,10000,36,64,-5.051457,2525,0.025347
13,10000,40,22,-6.119298,2525,0.008713
13,10000,42,5,-7.600902,2525,0.001980
13,10000,45,3,-8.111728,2525,0.001188
13,10000,48,29,-5.843045,2525,0.011485
13,10000,50,1,-9.210340,2525,0.000396
13,10000,54,4,-7.824046,2525,0.001584
13,10000,56,2,-8.517193,2525,0.000792
13,10000,60,3,-8.111728,2525,0.001188
13,10000,64,1,-9.210340,2525,0.000396
2,100000,1,1,-11.512925,9729,0.000103
2,100000,2,64,-7.354042,9729,0.006578
2,100000,3,64,-7.354042,9729,0.006578
2,100000,4,2022,-3.901083,9729,0.207832
2,100000,5,6,-9.721166,9729,0.000617
2,100000,6,422,-5.467920,9729,0.043375
2,100000,7,2,-10.819778,9729,0.000206
2,100000,8,3174,-3.450178,9729,0.326241
2,100000,9,58,-7.452482,9729,0.005962
2,100000,10,82,-7.106206,9729,0.008428
2,100000,11,1,-11.512925,9729,0.000103
2,100000,12,1354,-4.302107,9729,0.139172
2,100000,14,25,-8.294050,9729,0.002570
2,100000,15,14,-8.873868,9729,0.001439
2,100000,16,1407,-4.263710,9729,0.144619
2,100000,18,165,-6.406980,9729,0.016960
2,100000,20,94,-6.969631,9729,0.009662
2,100000,21,3,-10.414313,9729,0.000308
2,100000,24,531,-5.238163,9729,0.054579
2,100000,25,1,-11.512925,9729,0.000103
2,100000,27,7,-9.567015,9729,0.000719
2,100000,28,7,-9.567015,9729,0.000719
2,100000,30,15,-8.804875,9729,0.001542
2,100000,32,131,-6.637728,9729,0.013465
2,100000,36,50,-7.600902,9729,0.005139
2,100000,40,12,-9.028019,9729,0.001233
2,100000,45,1,-11.512925,9729,0.000103
2,100000,48,16,-8.740337,9729,0.001645
3,100000,1,1,-11.512925,14506,0.000069
3,100000,2,64,-7.354042,14506,0.004412
3,100000,3,64,-7.354042,14506,0.004412
3,100000,4,2022,-3.901083,14506,0.139391
3,100000,5,6,-9.721166,14506,0.000414
3,100000,6,432,-5.444500,14506,0.029781
3,100000,7,2,-10.819778,14506,0.000138
3,100000,8,3499,-3.352693,14506,0.241211
3,100000,9,68,-7.293418,14506,0.004688
3,100000,10,83,-7.094085,14506,0.005722
3,100000,11,1,-11.512925,14506,0.000069
3,100000,12,1937,-3.944030,14506,0.133531
3,100000,13,1,-11.512925,14506,0.000069
3,100000,14,65,-7.338538,14506,0.004481
3,100000,15,27,-8.217089,14506,0.001861
3,100000,16,2402,-3.728868,14506,0.165587
3,100000,17,1,-11.512925,14506,0.000069
3,100000,18,332,-5.707790,14506,0.022887
3,100000,20,567,-5.172566,14506,0.039087
3,100000,21,11,-9.115030,14506,0.000758
3,100000,22,20,-8.517193,14506,0.001379
3,100000,24,1481,-4.212453,14506,0.102096
3,100000,25,2,-10.819778,14506,0.000138
3,100000,26,6,-9.721166,14506,0.000414
3,100000,27,19,-8.568486,14506,0.001310
3,100000,28,139,-6.578452,14506,0.009582
3,100000,30,95,-6.959049,14506,0.006549
3,100000,32,538,-5.225067,14506,0.037088
3,100000,33,2,-10.819778,14506,0.000138
3,100000,35,1,-11.512925,14506,0.000069
3,100000,36,205,-6.189915,14506,0.014132
3,100000,40,171,-6.371262,14506,0.011788
3,100000,42,17,-8.679712,14506,0.001172
3,100000,44,4,-10.126631,14506,0.000276
3,100000,45,4,-10.126631,14506,0.000276
3,100000,48,158,-6.450330,14506,0.010892
3,100000,50,1,-11.512925,14506,0.000069
3,100000,54,7,-9.567015,14506,0.000483
3,100000,56,17,-8.679712,14506,0.001172
3,100000,60,15,-8.804875,14506,0.001034
3,100000,63,1,-11.512925,14506,0.000069
3,100000,64,14,-8.873868,14506,0.000965
3,100000,72,3,-10.414313,14506,0.000207
3,100000,80,1,-11.512925,14506,0.000069
5,100000,1,1,-11.512925,18739,0.000053
5,100000,2,64,-7.354042,18739,0.003415
5,100000,3,64,-7.354042,18739,0.003415
5,100000,4,2022,-3.901083,18739,0.107903
5,100000,5,6,-9.721166,18739,0.000320
5,100000,6,441,-5.423881,18739,0.023534
5,100000,7,2,-10.819778,18739,0.000107
5,100000,8,3878,-3.249851,18739,0.206948
5,100000,9,78,-7.156217,18739,0.004162
5,100000,10,131,-6.637728,18739,0.006991
5,100000,11,2,-10.819778,18739,0.000107
5,100000,12,2420,-3.721403,18739,0.129142
5,100000,13,1,-11.512925,18739,0.000053
5,100000,14,89,-7.024289,18739,0.004749
5,100000,15,33,-8.016418,18739,0.001761
5,100000,16,3083,-3.479267,18739,0.164523
5,100000,17,1,-11.512925,18739,0.000053
5,100000,18,376,-5.583336,18739,0.020065
5,100000,20,675,-4.998213,18739,0.036021
5,100000,21,13,-8.947976,18739,0.000694
5,100000,22,20,-8.517193,18739,0.001067
5,100000,24,2200,-3.816713,18739,0.117402
5,100000,25,2,-10.819778,18739,0.000107
5,100000,26,6,-9.721166,18739,0.000320
5,100000,27,26,-8.254829,18739,0.001387
5,100000,28,182,-6.308919,18739,0.009712
5,100000,30,158,-6.450330,18739,0.008432
5,100000,32,982,-4.623334,18739,0.052404
5,100000,33,2,-10.819778,18739,0.000107
5,100000,35,2,-10.819778,18739,0.000107
5,100000,36,512,-5.274601,18739,0.027323
5,100000,39,1,-11.512925,18739,0.000053
5,100000,40,324,-5.732182,18739,0.017290
5,100000,42,54,-7.523941,18739,0.002882
5,100000,44,8,-9.433484,18739,0.000427
5,100000,45,13,-8.947976,18739,0.000694
5,100000,48,507,-5.284414,18739,0.027056
5,100000,49,1,-11.512925,18739,0.000053
5,100000,50,13,-8.947976,18739,0.000694
5,100000,54,34,-7.986565,18739,0.001814
5,100000,55,1,-11.512925,18739,0.000053
5,100000,56,46,-7.684284,18739,0.002455
5,100000,60,95,-6.959049,18739,0.005070
5,100000,63,3,-10.414313,18739,0.000160
5,100000,64,71,-7.250246,18739,0.003789
5,100000,66,1,-11.512925,18739,0.000053
5,100000,70,4,-10.126631,18739,0.000213
5,100000,72,56,-7.487574,18739,0.002988
5,100000,75,1,-11.512925,18739,0.000053
5,100000,80,20,-8.517193,18739,0.001067
5,100000,84,6,-9.721166,18739,0.000320
5,100000,90,2,-10.819778,18739,0.000107
5,100000,96,6,-9.721166,18739,0.000320
7,100000,1,1,-11.512925,20747,0.000048
7,100000,2,64,-7.354042,20747,0.003085
7,100000,3,64,-7.354042,20747,0.003085
7,100000,4,2022,-3.901083,20747,0.097460
7,100000,5,6,-9.721166,20747,0.000289
7,100000,6,446,-5.412607,20747,0.021497
7,100000,7,3,-10.414313,20747,0.000145
7,100000,8,4123,-3.188589,20747,0.198728
7,100000,9,82,-7.106206,20747,0.003952
7,100000,10,145,-6.536192,20747,0.006989
7,100000,11,2,-10.819778,20747,0.000096
7,100000,12,2540,-3.673006,20747,0.122427
7,100000,13,1,-11.512925,20747,0.000048
7,100000,14,90,-7.013116,20747,0.004338
7,100000,15,34,-7.986565,20747,0.001639
7,100000,16,3476,-3.359288,20747,0.167542
7,100000,17,1,-11.512925,20747,0.000048
7,100000,18,430,-5.449140,20747,0.020726
7,100000,20,694,-4.970454,20747,0.033451
7,100000,21,14,-8.873868,20747,0.000675
7,100000,22,20,-8.517193,20747,0.000964
7,100000,24,2540,-3.673006,20747,0.122427
7,100000,25,3,-10.414313,20747,0.000145
7,100000,26,6,-9.721166,20747,0.000289
7,100000,27,31,-8.078938,20747,0.001494
7,100000,28,184,-6.297990,20747,0.008869
7,100000,30,191,-6.260652,20747,0.009206
7,100000,32,1197,-4.425352,20747,0.057695
7,100000,33,2,-10.819778,20747,0.000096
7,100000,35,3,-10.414313,20747,0.000145
7,100000,36,620,-5.083206,20747,0.029884
7,100000,39,1,-11.512925,20747,0.000048
7,100000,40,406,-5.506572,20747,0.019569
7,100000,42,59,-7.435388,20747,0.002844
7,100000,44,9,-9.315701,20747,0.000434
7,100000,45,14,-8.873868,20747,0.000675
7,100000,48,666,-5.011636,20747,0.032101
7,100000,49,1,-11.512925,20747,0.000048
7,100000,50,14,-8.873868,20747,0.000675
7,100000,52,1,-11.512925,20747,0.000048
7,100000,54,51,-7.581100,20747,0.002458
7,100000,55,1,-11.512925,20747,0.000048
7,100000,56,56,-7.487574,20747,0.002699
7,100000,60,127,-6.668738,20747,0.006121
7,100000,63,4,-10.126631,20747,0.000193
7,100000,64,112,-6.794427,20747,0.005398
7,100000,66,2,-10.819778,20747,0.000096
7,100000,70,5,-9.903488,20747,0.000241
7,100000,72,100,-6.907755,20747,0.004820
7,100000,75,2,-10.819778,20747,0.000096
7,100000,80,36,-7.929407,20747,0.001735
7,100000,81,1,-11.512925,20747,0.000048
7,100000,84,15,-8.804875,20747,0.000723
7,100000,90,7,-9.567015,20747,0.000337
7,100000,96,18,-8.622554,20747,0.000868
7,100000,100,2,-10.819778,20747,0.000096
7,100000,108,2,-10.819778,20747,0.000096
11,100000,1,1,-11.512925,22761,0.000044
11,100000,2,64,-7.354042,22761,0.002812
11,100000,3,64,-7.354042,22761,0.002812
11,100000,4,2022,-3.901083,22761,0.088836
11,100000,5,6,-9.721166,22761,0.000264
11,100000,6,451,-5.401458,22761,0.019815
11,100000,7,3,-10.414313,22761,0.000132
11,100000,8,4393,-3.125158,22761,0.193006
11,100000,9,87,-7.047017,22761,0.003822
11,100000,10,147,-6.522493,22761,0.006458
11,100000,11,2,-10.819778,22761,0.000088
11,100000,12,2680,-3.619353,22761,0.117745
11,100000,13,1,-11.512925,22761,0.000044
11,100000,14,90,-7.013116,22761,0.003954
11,100000,15,36,-7.929407,22761,0.001582
11,100000,16,3841,-3.259437,22761,0.168754
11,100000,17,1,-11.512925,22761,0.000044
11,100000,18,495,-5.308368,22761,0.021748
11,100000,20,699,-4.963275,22761,0.030710
11,100000,21,14,-8.873868,22761,0.000615
11,100000,22,20,-8.517193,22761,0.000879
11,100000,24,2872,-3.550162,22761,0.126181
11,100000,25,4,-10.126631,22761,0.000176
11,100000,26,6,-9.721166,22761,0.000264
11,100000,27,34,-7.986565,22761,0.001494
11,100000,28,202,-6.204658,22761,0.008875
11,100000,30,206,-6.185049,22761,0.009051
11,100000,32,1422,-4.253106,22761,0.062475
11,100000,33,3,-10.414313,22761,0.000132
11,100000,35,3,-10.414313,22761,0.000132
11,100000,36,748,-4.895522,22761,0.032863
11,100000,39,1,-11.512925,22761,0.000044
11,100000,40,443,-5.419356,22761,0.019463
11,100000,42,63,-7.369791,22761,0.002768
11,100000,44,9,-9.315701,22761,0.000395
11,100000,45,16,-8.740337,22761,0.000703
11,100000,48,853,-4.764166,22761,0.037476
11,100000,49,1,-11.512925,22761,0.000044
11,100000,50,15,-8.804875,22761,0.000659
11,100000,52,1,-11.512925,22761,0.000044
11,100000,54,65,-7.338538,22761,0.002856
11,100000,55,1,-11.512925,22761,0.000044
11,100000,56,65,-7.338538,22761,0.002856
11,100000,60,152,-6.489045,22761,0.006678
11,100000,63,5,-9.903488,22761,0.000220
11,100000,64,152,-6.489045,22761,0.006678
11,100000,66,3,-10.414313,22761,0.000132
11,100000,70,5,-9.903488,22761,0.000220
11,100000,72,156,-6.463069,22761,0.006854
11,100000,75,3,-10.414313,22761,0.000132
11,100000,80,49,-7.621105,22761,0.002153
11,100000,81,2,-10.819778,22761,0.000088
11,100000,84,19,-8.568486,22761,0.000835
11,100000,90,11,-9.115030,22761,0.000483
11,100000,96,38,-7.875339,22761,0.001670
11,100000,100,2,-10.819778,22761,0.000088
11,100000,108,6,-9.721166,22761,0.000264
11,100000,112,2,-10.819778,22761,0.000088
11,100000,120,5,-9.903488,22761,0.000220
11,100000,128,1,-11.512925,22761,0.000044
13,100000,1,1,-11.512925,23226,0.000043
13,100000,2,64,-7.354042,23226,0.002756
13,100000,3,64,-7.354042,23226,0.002756
13,100000,4,2022,-3.901083,23226,0.087058
13,100000,5,6,-9.721166,23226,0.000258
13,100000,6,451,-5.401458,23226,0.019418
13,100000,7,3,-10.414313,23226,0.000129
13,100000,8,4393,-3.125158,23226,0.189141
13,100000,9,87,-7.047017,23226,0.003746
13,100000,10,148,-6.515713,23226,0.006372
13,100000,11,2,-10.819778,23226,0.000086
13,100000,12,2757,-3.591027,23226,0.118703
13,100000,13,1,-11.512925,23226,0.000043
13,100000,14,90,-7.013116,23226,0.003875
13,100000,15,38,-7.875339,23226,0.001636
13,100000,16,3892,-3.246247,23226,0.167571
13,100000,17,1,-11.512925,23226,0.000043
13,100000,18,516,-5.266819,23226,0.022216
13,100000,20,716,-4.939245,23226,0.030828
13,100000,21,15,-8.804875,23226,0.000646
13,100000,22,20,-8.517193,23226,0.000861
13,100000,24,2979,-3.513583,23226,0.128261
13,100000,25,4,-10.126631,23226,0.000172
13,100000,26,6,-9.721166,23226,0.000258
13,100000,27,34,-7.986565,23226,0.001464
13,100000,28,202,-6.204658,23226,0.008697
13,100000,30,213,-6.151633,23226,0.009171
13,100000,32,1466,-4.222633,23226,0.063119
13,100000,33,3,-10.414313,23226,0.000129
13,100000,35,3,-10.414313,23226,0.000129
13,100000,36,784,-4.848516,23226,0.033755
13,100000,39,1,-11.512925,23226,0.000043
13,100000,40,459,-5.383875,23226,0.019762
13,100000,42,64,-7.354042,23226,0.002756
13,100000,44,10,-9.210340,23226,0.000431
13,100000,45,17,-8.679712,23226,0.000732
13,100000,48,888,-4.723954,23226,0.038233
13,100000,49,1,-11.512925,23226,0.000043
13,100000,50,15,-8.804875,23226,0.000646
13,100000,52,1,-11.512925,23226,0.000043
13,100000,54,70,-7.264430,23226,0.003014
13,100000,55,1,-11.512925,23226,0.000043
13,100000,56,68,-7.293418,23226,0.002928
13,100000,60,160,-6.437752,23226,0.006889
13,100000,63,5,-9.903488,23226,0.000215
13,100000,64,162,-6.425329,23226,0.006975
13,100000,66,3,-10.414313,23226,0.000129
13,100000,70,5,-9.903488,23226,0.000215
13,100000,72,168,-6.388961,23226,0.007233
13,100000,75,3,-10.414313,23226,0.000129
13,100000,80,51,-7.581100,23226,0.002196
13,100000,81,2,-10.819778,23226,0.000086
13,100000,84,19,-8.568486,23226,0.000818
13,100000,90,12,-9.028019,23226,0.000517
13,100000,96,42,-7.775256,23226,0.001808
13,100000,100,2,-10.819778,23226,0.000086
13,100000,108,7,-9.567015,23226,0.000301
13,100000,112,2,-10.819778,23226,0.000086
13,100000,120,6,-9.721166,23226,0.000258
13,100000,128,1,-11.512925,23226,0.000043
2,1000000,1,1,-13.815511,92081,0.000011
2,1000000,2,167,-8.697517,92081,0.001814
2,1000000,3,167,-8.697517,92081,0.001814
2,1000000,4,13871,-4.277955,92081,0.150639
2,1000000,5,10,-11.512925,92081,0.000109
2,1000000,6,1812,-6.313324,92081,0.019678
2,1000000,7,3,-12.716898,92081,0.000033
2,1000000,8,28497,-3.557956,92081,0.309478
2,1000000,9,196,-8.537396,92081,0.002129
2,1000000,10,371,-7.899308,92081,0.004029
2,1000000,11,1,-13.815511,92081,0.000011
2,1000000,12,10989,-4.510861,92081,0.119341
2,1000000,13,1,-13.815511,92081,0.000011
2,1000000,14,176,-8.645027,92081,0.001911
2,1000000,15,49,-9.923690,92081,0.000532
2,1000000,16,18506,-3.989660,92081,0.200975
2,1000000,18,1063,-6.846660,92081,0.011544
2,1000000,20,1244,-6.689423,92081,0.013510
2,1000000,21,12,-11.330604,92081,0.000130
2,1000000,22,3,-12.716898,92081,0.000033
2,1000000,24,8063,-4.820470,92081,0.087564
2,1000000,25,2,-13.122363,92081,0.000022
2,1000000,27,45,-10.008848,92081,0.000489
2,1000000,28,142,-8.859684,92081,0.001542
2,1000000,30,197,-8.532307,92081,0.002139
2,1000000,32,3634,-5.617421,92081,0.039465
2,1000000,35,1,-13.815511,92081,0.000011
2,1000000,36,984,-6.923885,92081,0.010686
2,1000000,40,408,-7.804243,92081,0.004431
2,1000000,42,17,-10.982297,92081,0.000185
2,1000000,45,11,-11.417615,92081,0.000119
2,1000000,48,1117,-6.797109,92081,0.012131
2,1000000,50,3,-12.716898,92081,0.000033
2,1000000,54,38,-10.177924,92081,0.000413
2,1000000,56,13,-11.250561,92081,0.000141
2,1000000,60,56,-9.790159,92081,0.000608
2,1000000,63,1,-13.815511,92081,0.000011
2,1000000,64,132,-8.932709,92081,0.001434
2,1000000,72,64,-9.656627,92081,0.000695
2,1000000,80,11,-11.417615,92081,0.000119
2,1000000,96,3,-12.716898,92081,0.000033
3,1000000,1,1,-13.815511,136426,0.000007
3,1000000,2,167,-8.697517,136426,0.001224
3,1000000,3,167,-8.697517,136426,0.001224
3,1000000,4,13871,-4.277955,136426,0.101674
3,1000000,5,10,-11.512925,136426,0.000073
3,1000000,6,1840,-6.297990,136426,0.013487
3,1000000,7,3,-12.716898,136426,0.000022
3,1000000,8,30919,-3.476384,136426,0.226636
3,1000000,9,224,-8.403865,136426,0.001642
3,1000000,10,372,-7.896617,136426,0.002727
3,1000000,11,1,-13.815511,136426,0.000007
3,1000000,12,14392,-4.241083,136426,0.105493
3,1000000,13,1,-13.815511,136426,0.000007
3,1000000,14,178,-8.633727,136426,0.001305
3,1000000,15,75,-9.498022,136426,0.000550
3,1000000,16,26034,-3.648352,136426,0.190829
3,1000000,17,1,-13.815511,136426,0.000007
3,1000000,18,1630,-6.419175,136426,0.011948
3,1000000,19,1,-13.815511,136426,0.000007
3,1000000,20,4038,-5.512006,136426,0.029598
3,1000000,21,31,-10.381523,136426,0.000227
3,1000000,22,93,-9.282911,136426,0.000682
3,1000000,24,16643,-4.095766,136426,0.121993
3,1000000,25,4,-12.429216,136426,0.000029
3,1000000,26,28,-10.483306,136426,0.000205
3,1000000,27,80,-9.433484,136426,0.000586
3,1000000,28,1444,-6.540338,136426,0.010584
3,1000000,30,727,-7.226584,136426,0.005329
3,1000000,32,9603,-4.645680,136426,0.070390
3,1000000,33,9,-11.618286,136426,0.000066
3,1000000,34,2,-13.122363,136426,0.000015
3,1000000,35,4,-12.429216,136426,0.000029
3,1000000,36,2898,-5.843734,136426,0.021242
3,1000000,39,4,-12.429216,136426,0.000029
3,1000000,40,2767,-5.889992,136426,0.020282
3,1000000,42,227,-8.390561,136426,0.001664
3,1000000,44,90,-9.315701,136426,0.000660
3,1000000,45,34,-10.289150,136426,0.000249
3,1000000,48,4393,-5.427743,136426,0.032201
3,1000000,49,1,-13.815511,136426,0.000007
3,1000000,50,28,-10.483306,136426,0.000205
3,1000000,52,17,-10.982297,136426,0.000125
3,1000000,54,182,-8.611504,136426,0.001334
3,1000000,55,1,-13.815511,136426,0.000007
3,1000000,56,504,-7.592934,136426,0.003694
3,1000000,60,494,-7.612975,136426,0.003621
3,1000000,63,9,-11.618286,136426,0.000066
3,1000000,64,988,-6.919828,136426,0.007242
3,1000000,66,14,-11.176453,136426,0.000103
3,1000000,70,7,-11.869600,136426,0.000051
3,1000000,72,551,-7.503776,136426,0.004039
3,1000000,75,2,-13.122363,136426,0.000015
3,1000000,78,1,-13.815511,136426,0.000007
3,1000000,80,273,-8.206039,136426,0.002001
3,1000000,81,4,-12.429216,136426,0.000029
3,1000000,84,71,-9.552831,136426,0.000520
3,1000000,88,7,-11.869600,136426,0.000051
3,1000000,90,22,-10.724468,136426,0.000161
3,1000000,96,189,-8.573764,136426,0.001385
3,1000000,100,2,-13.122363,136426,0.000015
3,1000000,108,15,-11.107460,136426,0.000110
3,1000000,112,18,-10.925139,136426,0.000132
3,1000000,120,14,-11.176453,136426,0.000103
3,1000000,126,1,-13.815511,136426,0.000007
3,1000000,128,4,-12.429216,136426,0.000029
3,1000000,144,1,-13.815511,136426,0.000007
5,1000000,1,1,-13.815511,176124,0.000006
5,1000000,2,167,-8.697517,176124,0.000948
5,1000000,3,167,-8.697517,176124,0.000948
5,1000000,4,13871,-4.277955,176124,0.078757
5,1000000,5,10,-11.512925,176124,0.000057
5,1000000,6,1861,-6.286641,176124,0.010566
5,1000000,7,3,-12.716898,176124,0.000017
5,1000000,8,33250,-3.403701,176124,0.188787
5,1000000,9,245,-8.314252,176124,0.001391
5,1000000,10,374,-7.891255,176124,0.002124
5,1000000,11,2,-13.122363,176124,0.000011
5,1000000,12,17400,-4.051285,176124,0.098794
5,1000000,13,2,-13.122363,176124,0.000011
5,1000000,14,334,-8.004370,176124,0.001896
5,1000000,15,93,-9.282911,176124,0.000528
5,1000000,16,32618,-3.422891,176124,0.185199
5,1000000,17,1,-13.815511,176124,0.000006
5,1000000,18,2017,-6.206144,176124,0.011452
5,1000000,19,1,-13.815511,176124,0.000006
5,1000000,20,4900,-5.318520,176124,0.027821
5,1000000,21,39,-10.151949,176124,0.000221
5,1000000,22,96,-9.251162,176124,0.000545
5,1000000,24,22656,-3.787331,176124,0.128637
5,1000000,25,5,-12.206073,176124,0.000028
5,1000000,26,28,-10.483306,176124,0.000159
5,1000000,27,109,-9.124163,176124,0.000619
5,1000000,28,1625,-6.422247,176124,0.009226
5,1000000,30,932,-6.978178,176124,0.005292
5,1000000,32,14535,-4.231196,176124,0.082527
5,1000000,33,10,-11.512925,176124,0.000057
5,1000000,34,2,-13.122363,176124,0.000011
5,1000000,35,4,-12.429216,176124,0.000023
5,1000000,36,5041,-5.290151,176124,0.028622
5,1000000,39,4,-12.429216,176124,0.000023
5,1000000,40,4277,-5.454503,176124,0.024284
5,1000000,42,376,-7.885921,176124,0.002135
5,1000000,44,114,-9.079312,176124,0.000647
5,1000000,45,54,-9.826527,176124,0.000307
5,1000000,48,9179,-4.690837,176124,0.052117
5,1000000,49,1,-13.815511,176124,0.000006
5,1000000,50,101,-9.200390,176124,0.000573
5,1000000,51,1,-13.815511,176124,0.000006
5,1000000,52,24,-10.637457,176124,0.000136
5,1000000,54,388,-7.854505,176124,0.002203
5,1000000,55,2,-13.122363,176124,0.000011
5,1000000,56,861,-7.057416,176124,0.004889
5,1000000,60,1406,-6.567006,176124,0.007983
5,1000000,63,19,-10.871072,176124,0.000108
5,1000000,64,2361,-6.048670,176124,0.013405
5,1000000,65,1,-13.815511,176124,0.000006
5,1000000,66,28,-10.483306,176124,0.000159
5,1000000,70,58,-9.755068,176124,0.000329
5,1000000,72,1742,-6.352721,176124,0.009891
5,1000000,75,8,-11.736069,176124,0.000045
5,1000000,77,1,-13.815511,176124,0.000006
5,1000000,78,6,-12.023751,176124,0.000034
5,1000000,80,860,-7.058578,176124,0.004883
5,1000000,81,11,-11.417615,176124,0.000062
5,1000000,84,238,-8.343240,176124,0.001351
5,1000000,88,22,-10.724468,176124,0.000125
5,1000000,90,100,-9.210340,176124,0.000568
5,1000000,96,903,-7.009788,176124,0.005127
5,1000000,98,5,-12.206073,176124,0.000028
5,1000000,99,1,-13.815511,176124,0.000006
5,1000000,100,58,-9.755068,176124,0.000329
5,1000000,104,1,-13.815511,176124,0.000006
5,1000000,105,4,-12.429216,176124,0.000023
5,1000000,108,101,-9.200390,176124,0.000573
5,1000000,110,1,-13.815511,176124,0.000006
5,1000000,112,86,-9.361163,176124,0.000488
5,1000000,120,167,-8.697517,176124,0.000948
5,1000000,126,11,-11.417615,176124,0.000062
5,1000000,128,69,-9.581404,176124,0.000392
5,1000000,132,2,-13.122363,176124,0.000011
5,1000000,135,1,-13.815511,176124,0.000006
5,1000000,140,7,-11.869600,176124,0.000040
5,1000000,144,46,-9.986869,176124,0.000261
5,1000000,150,2,-13.122363,176124,0.000011
5,1000000,160,12,-11.330604,176124,0.000068
5,1000000,168,4,-12.429216,176124,0.000023
5,1000000,192,1,-13.815511,176124,0.000006
7,1000000,1,1,-13.815511,194895,0.000005
7,1000000,2,167,-8.697517,194895,0.000857
7,1000000,3,167,-8.697517,194895,0.000857
7,1000000,4,13871,-4.277955,194895,0.071172
7,1000000,5,10,-11.512925,194895,0.000051
7,1000000,6,1873,-6.280214,194895,0.009610
7,1000000,7,3,-12.716898,194895,0.000015
7,1000000,8,34781,-3.358684,194895,0.178460
7,1000000,9,258,-8.262551,194895,0.001324
7,1000000,10,509,-7.583063,194895,0.002612
7,1000000,11,2,-13.122363,194895,0.000010
7,1000000,12,18526,-3.988580,194895,0.095056
7,1000000,13,2,-13.122363,194895,0.000010
7,1000000,14,343,-7.977780,194895,0.001760
7,1000000,15,98,-9.230543,194895,0.000503
7,1000000,16,35479,-3.338814,194895,0.182042
7,1000000,17,1,-13.815511,194895,0.000005
7,1000000,18,2097,-6.167248,194895,0.010760
7,1000000,19,1,-13.815511,194895,0.000005
7,1000000,20,5067,-5.285006,194895,0.025999
7,1000000,21,40,-10.126631,194895,0.000205
7,1000000,22,96,-9.251162,194895,0.000493
7,1000000,24,25619,-3.664421,194895,0.131450
7,1000000,25,5,-12.206073,194895,0.000026
7,1000000,26,28,-10.483306,194895,0.000144
7,1000000,27,119,-9.036387,194895,0.000611
7,1000000,28,1646,-6.409407,194895,0.008446
7,1000000,30,1034,-6.874321,194895,0.005305
7,1000000,32,16919,-4.079318,194895,0.086811
7,1000000,33,10,-11.512925,194895,0.000051
7,1000000,34,2,-13.122363,194895,0.000010
7,1000000,35,6,-12.023751,194895,0.000031
7,1000000,36,5869,-5.138071,194895,0.030114
7,1000000,39,4,-12.429216,194895,0.000021
7,1000000,40,4889,-5.320767,194895,0.025085
7,1000000,42,431,-7.749402,194895,0.002211
7,1000000,44,115,-9.070578,194895,0.000590
7,1000000,45,66,-9.625856,194895,0.000339
7,1000000,48,11391,-4.474932,194895,0.058447
7,1000000,49,2,-13.122363,194895,0.000010
7,1000000,50,121,-9.019720,194895,0.000621
7,1000000,51,1,-13.815511,194895,0.000005
7,1000000,52,25,-10.596635,194895,0.000128
7,1000000,54,511,-7.579141,194895,0.002622
7,1000000,55,3,-12.716898,194895,0.000015
7,1000000,56,1045,-6.863738,194895,0.005362
7,1000000,60,1742,-6.352721,194895,0.008938
7,1000000,63,22,-10.724468,194895,0.000113
7,1000000,64,3059,-5.789667,194895,0.015696
7,1000000,65,1,-13.815511,194895,0.000005
7,1000000,66,32,-10.349775,194895,0.000164
7,1000000,70,64,-9.656627,194895,0.000328
7,1000000,72,2490,-5.995473,194895,0.012776
7,1000000,75,8,-11.736069,194895,0.000041
7,1000000,77,1,-13.815511,194895,0.000005
7,1000000,78,6,-12.023751,194895,0.000031
7,1000000,80,1131,-6.784653,194895,0.005803
7,1000000,81,15,-11.107460,194895,0.000077
7,1000000,84,324,-8.034767,194895,0.001662
7,1000000,88,29,-10.448215,194895,0.000149
7,1000000,90,158,-8.752916,194895,0.000811
7,1000000,96,1415,-6.560626,194895,0.007260
7,1000000,98,5,-12.206073,194895,0.000026
7,1000000,99,1,-13.815511,194895,0.000005
7,1000000,100,75,-9.498022,194895,0.000385
7,1000000,104,3,-12.716898,194895,0.000015
7,1000000,105,5,-12.206073,194895,0.000026
7,1000000,108,201,-8.512206,194895,0.001031
7,1000000,110,1,-13.815511,194895,0.000005
7,1000000,112,132,-8.932709,194895,0.000677
7,1000000,117,1,-13.815511,194895,0.000005
7,1000000,120,302,-8.105084,194895,0.001550
7,1000000,125,1,-13.815511,194895,0.000005
7,1000000,126,25,-10.596635,194895,0.000128
7,1000000,128,143,-8.852666,194895,0.000734
7,1000000,132,6,-12.023751,194895,0.000031
7,1000000,135,4,-12.429216,194895,0.000021
7,1000000,140,12,-11.330604,194895,0.000062
7,1000000,144,147,-8.825078,194895,0.000754
7,1000000,150,7,-11.869600,194895,0.000036
7,1000000,160,35,-10.260162,194895,0.000180
7,1000000,162,3,-12.716898,194895,0.000015
7,1000000,168,19,-10.871072,194895,0.000097
7,1000000,180,8,-11.736069,194895,0.000041
7,1000000,192,8,-11.736069,194895,0.000041
7,1000000,200,1,-13.815511,194895,0.000005
11,1000000,1,1,-13.815511,212691,0.000005
11,1000000,2,167,-8.697517,212691,0.000785
11,1000000,3,167,-8.697517,212691,0.000785
11,1000000,4,13871,-4.277955,212691,0.065217
11,1000000,5,10,-11.512925,212691,0.000047
11,1000000,6,1884,-6.274358,212691,0.008858
11,1000000,7,4,-12.429216,212691,0.000019
11,1000000,8,36310,-3.315662,212691,0.170717
11,1000000,9,268,-8.224524,212691,0.001260
11,1000000,10,538,-7.527652,212691,0.002529
11,1000000,11,2,-13.122363,212691,0.000009
11,1000000,12,19268,-3.949310,212691,0.090592
11,1000000,13,2,-13.122363,212691,0.000009
11,1000000,14,344,-7.974869,212691,0.001617
11,1000000,15,101,-9.200390,212691,0.000475
11,1000000,16,38653,-3.253131,212691,0.181733
11,1000000,17,1,-13.815511,212691,0.000005
11,1000000,18,2268,-6.088857,212691,0.010663
11,1000000,19,1,-13.815511,212691,0.000005
11,1000000,20,5138,-5.271091,212691,0.024157
11,1000000,21,42,-10.077841,212691,0.000197
11,1000000,22,96,-9.251162,212691,0.000451
11,1000000,24,28063,-3.573303,212691,0.131943
11,1000000,25,6,-12.023751,212691,0.000028
11,1000000,26,28,-10.483306,212691,0.000132
11,1000000,27,132,-8.932709,212691,0.000621
11,1000000,28,1652,-6.405769,212691,0.007767
11,1000000,30,1147,-6.770605,212691,0.005393
11,1000000,32,19498,-3.937443,212691,0.091673
11,1000000,33,10,-11.512925,212691,0.000047
11,1000000,34,3,-12.716898,212691,0.000014
11,1000000,35,6,-12.023751,212691,0.000028
11,1000000,36,6791,-4.992157,212691,0.031929
11,1000000,39,4,-12.429216,212691,0.000019
11,1000000,40,5249,-5.249718,212691,0.024679
11,1000000,42,459,-7.686460,212691,0.002158
11,1000000,44,128,-8.963480,212691,0.000602
11,1000000,45,74,-9.511445,212691,0.000348
11,1000000,48,13532,-4.302698,212691,0.063623
11,1000000,49,2,-13.122363,212691,0.000009
11,1000000,50,126,-8.979229,212691,0.000592
11,1000000,51,1,-13.815511,212691,0.000005
11,1000000,52,30,-10.414313,212691,0.000141
11,1000000,54,651,-7.337001,212691,0.003061
11,1000000,55,3,-12.716898,212691,0.000014
11,1000000,56,1134,-6.782004,212691,0.005332
11,1000000,60,1934,-6.248165,212691,0.009093
11,1000000,63,25,-10.596635,212691,0.000118
11,1000000,64,3963,-5.530754,212691,0.018633
11,1000000,65,1,-13.815511,212691,0.000005
11,1000000,66,34,-10.289150,212691,0.000160
11,1000000,70,66,-9.625856,212691,0.000310
11,1000000,72,3109,-5.773454,212691,0.014617
11,1000000,75,12,-11.330604,212691,0.000056
11,1000000,77,1,-13.815511,212691,0.000005
11,1000000,78,8,-11.736069,212691,0.000038
11,1000000,80,1380,-6.585672,212691,0.006488
11,1000000,81,19,-10.871072,212691,0.000089
11,1000000,84,367,-7.910149,212691,0.001726
11,1000000,88,38,-10.177924,212691,0.000179
11,1000000,90,202,-8.507243,212691,0.000950
11,1000000,96,1968,-6.230737,212691,0.009253
11,1000000,98,5,-12.206073,212691,0.000024
11,1000000,99,2,-13.122363,212691,0.000009
11,1000000,100,84,-9.384694,212691,0.000395
11,1000000,104,4,-12.429216,212691,0.000019
11,1000000,105,6,-12.023751,212691,0.000028
11,1000000,108,295,-8.128535,212691,0.001387
11,1000000,110,2,-13.122363,212691,0.000009
11,1000000,112,178,-8.633727,212691,0.000837
11,1000000,117,1,-13.815511,212691,0.000005
11,1000000,120,412,-7.794487,212691,0.001937
11,1000000,125,1,-13.815511,212691,0.000005
11,1000000,126,33,-10.319003,212691,0.000155
11,1000000,128,220,-8.421883,212691,0.001034
11,1000000,132,8,-11.736069,212691,0.000038
11,1000000,135,4,-12.429216,212691,0.000019
11,1000000,140,16,-11.042922,212691,0.000075
11,1000000,144,254,-8.278176,212691,0.001194
11,1000000,150,8,-11.736069,212691,0.000038
11,1000000,160,62,-9.688376,212691,0.000292
11,1000000,162,8,-11.736069,212691,0.000038
11,1000000,168,31,-10.381523,212691,0.000146
11,1000000,180,25,-10.596635,212691,0.000118
11,1000000,189,1,-13.815511,212691,0.000005
11,1000000,192,31,-10.381523,212691,0.000146
11,1000000,200,3,-12.716898,212691,0.000014
11,1000000,210,1,-13.815511,212691,0.000005
11,1000000,216,3,-12.716898,212691,0.000014
11,1000000,224,1,-13.815511,212691,0.000005
13,1000000,1,1,-13.815511,217642,0.000005
13,1000000,2,167,-8.697517,217642,0.000767
13,1000000,3,167,-8.697517,217642,0.000767
13,1000000,4,13871,-4.277955,217642,0.063733
13,1000000,5,10,-11.512925,217642,0.000046
13,1000000,6,1887,-6.272767,217642,0.008670
13,1000000,7,4,-12.429216,217642,0.000018
13,1000000,8,36748,-3.303671,217642,0.168846
13,1000000,9,271,-8.213392,217642,0.001245
13,1000000,10,539,-7.525795,217642,0.002477
13,1000000,11,2,-13.122363,217642,0.000009
13,1000000,12,19477,-3.938521,217642,0.089491
13,1000000,13,2,-13.122363,217642,0.000009
13,1000000,14,344,-7.974869,217642,0.001581
13,1000000,15,102,-9.190538,217642,0.000469
13,1000000,16,39568,-3.229735,217642,0.181803
13,1000000,17,1,-13.815511,217642,0.000005
13,1000000,18,2294,-6.077458,217642,0.010540
13,1000000,19,1,-13.815511,217642,0.000005
13,1000000,20,5245,-5.250480,217642,0.024099
13,1000000,21,42,-10.077841,217642,0.000193
13,1000000,22,97,-9.240800,217642,0.000446
13,1000000,24,28773,-3.548318,217642,0.132203
13,1000000,25,6,-12.023751,217642,0.000028
13,1000000,26,28,-10.483306,217642,0.000129
13,1000000,27,137,-8.895530,217642,0.000629
13,1000000,28,1660,-6.400938,217642,0.007627
13,1000000,30,1207,-6.719617,217642,0.005546
13,1000000,32,20075,-3.908280,217642,0.092239
13,1000000,33,10,-11.512925,217642,0.000046
13,1000000,34,3,-12.716898,217642,0.000014
13,1000000,35,7,-11.869600,217642,0.000032
13,1000000,36,6959,-4.967719,217642,0.031975
13,1000000,39,4,-12.429216,217642,0.000018
13,1000000,40,5430,-5.215816,217642,0.024949
13,1000000,42,469,-7.664908,217642,0.002155
13,1000000,44,128,-8.963480,217642,0.000588
13,1000000,45,75,-9.498022,217642,0.000345
13,1000000,48,14120,-4.260163,217642,0.064877
13,1000000,49,2,-13.122363,217642,0.000009
13,1000000,50,127,-8.971323,217642,0.000584
13,1000000,51,1,-13.815511,217642,0.000005
13,1000000,52,30,-10.414313,217642,0.000138
13,1000000,54,672,-7.305252,217642,0.003088
13,1000000,55,3,-12.716898,217642,0.000014
13,1000000,56,1152,-6.766256,217642,0.005293
13,1000000,60,2017,-6.206144,217642,0.009268
13,1000000,63,25,-10.596635,217642,0.000115
13,1000000,64,4158,-5.482721,217642,0.019105
13,1000000,65,1,-13.815511,217642,0.000005
13,1000000,66,36,-10.231992,217642,0.000165
13,1000000,70,66,-9.625856,217642,0.000303
13,1000000,72,3298,-5.714439,217642,0.015153
13,1000000,75,12,-11.330604,217642,0.000055
13,1000000,77,1,-13.815511,217642,0.000005
13,1000000,78,8,-11.736069,217642,0.000037
13,1000000,80,1459,-6.530004,217642,0.006704
13,1000000,81,20,-10.819778,217642,0.000092
13,1000000,84,384,-7.864868,217642,0.001764
13,1000000,88,38,-10.177924,217642,0.000175
13,1000000,90,210,-8.468403,217642,0.000965
13,1000000,96,2124,-6.154454,217642,0.009759
13,1000000,98,5,-12.206073,217642,0.000023
13,1000000,99,2,-13.122363,217642,0.000009
13,1000000,100,86,-9.361163,217642,0.000395
13,1000000,104,4,-12.429216,217642,0.000018
13,1000000,105,6,-12.023751,217642,0.000028
13,1000000,108,319,-8.050319,217642,0.001466
13,1000000,110,2,-13.122363,217642,0.000009
13,1000000,112,186,-8.589764,217642,0.000855
13,1000000,117,1,-13.815511,217642,0.000005
13,1000000,120,447,-7.712952,217642,0.002054
13,1000000,125,1,-13.815511,217642,0.000005
13,1000000,126,34,-10.289150,217642,0.000156
13,1000000,128,245,-8.314252,217642,0.001126
13,1000000,132,9,-11.618286,217642,0.000041
13,1000000,135,6,-12.023751,217642,0.000028
13,1000000,140,17,-10.982297,217642,0.000078
13,1000000,144,287,-8.156028,217642,0.001319
13,1000000,150,10,-11.512925,217642,0.000046
13,1000000,160,72,-9.538844,217642,0.000331
13,1000000,162,10,-11.512925,217642,0.000046
13,1000000,168,37,-10.204593,217642,0.000170
13,1000000,180,27,-10.519674,217642,0.000124
13,1000000,189,1,-13.815511,217642,0.000005
13,1000000,192,41,-10.101938,217642,0.000188
13,1000000,200,3,-12.716898,217642,0.000014
13,1000000,210,1,-13.815511,217642,0.000005
13,1000000,216,5,-12.206073,217642,0.000023
13,1000000,224,1,-13.815511,217642,0.000005
13,1000000,240,2,-13.122363,217642,0.000009
2,10000000,1,1,-16.118096,879706,0.000001
2,10000000,2,445,-10.020021,879706,0.000506
2,10000000,3,445,-10.020021,879706,0.000506
2,10000000,4,98805,-4.617192,879706,0.112316
2,10000000,5,15,-13.410045,879706,0.000017
2,10000000,6,7187,-7.238067,879706,0.008170
2,10000000,7,5,-14.508658,879706,0.000006
2,10000000,8,249284,-3.691748,879706,0.283372
2,10000000,9,630,-9.672376,879706,0.000716
2,10000000,10,1454,-8.836022,879706,0.001653
2,10000000,11,2,-15.424948,879706,0.000002
2,10000000,12,78951,-4.841513,879706,0.089747
2,10000000,13,1,-16.118096,879706,0.000001
2,10000000,14,574,-9.765466,879706,0.000652
2,10000000,15,135,-11.212821,879706,0.000153
2,10000000,16,210494,-3.860883,879706,0.239278
2,10000000,18,6398,-7.354355,879706,0.007273
2,10000000,20,9999,-6.907855,879706,0.011366
2,10000000,21,37,-12.507178,879706,0.000042
2,10000000,22,28,-12.785891,879706,0.000032
2,10000000,24,90252,-4.707735,879706,0.102593
2,10000000,25,7,-14.172186,879706,0.000008
2,10000000,26,4,-14.731801,879706,0.000005
2,10000000,27,211,-10.766238,879706,0.000240
2,10000000,28,1311,-8.939550,879706,0.001490
2,10000000,30,1479,-8.818974,879706,0.001681
2,10000000,32,64616,-5.041878,879706,0.073452
2,10000000,33,4,-14.731801,879706,0.000005
2,10000000,35,4,-14.731801,879706,0.000005
2,10000000,36,11808,-6.741563,879706,0.013423
2,10000000,40,6123,-7.398288,879706,0.006960
2,10000000,42,190,-10.871072,879706,0.000216
2,10000000,44,9,-13.920871,879706,0.000010
2,10000000,45,60,-12.023751,879706,0.000068
2,10000000,48,24855,-5.997281,879706,0.028254
2,10000000,50,40,-12.429216,879706,0.000045
2,10000000,54,553,-9.802738,879706,0.000629
2,10000000,56,450,-10.008848,879706,0.000512
2,10000000,60,1160,-9.061920,879706,0.001319
2,10000000,63,9,-13.920871,879706,0.000010
2,10000000,64,6178,-7.389346,879706,0.007023
2,10000000,70,5,-14.508658,879706,0.000006
2,10000000,72,2889,-8.149430,879706,0.003284
2,10000000,75,4,-14.731801,879706,0.000005
2,10000000,80,749,-9.499357,879706,0.000851
2,10000000,81,11,-13.720200,879706,0.000013
2,10000000,84,60,-12.023751,879706,0.000068
2,10000000,90,58,-12.057653,879706,0.000066
2,10000000,96,1409,-8.867460,879706,0.001602
2,10000000,100,6,-14.326336,879706,0.000007
2,10000000,108,97,-11.543385,879706,0.000110
2,10000000,112,15,-13.410045,879706,0.000017
2,10000000,120,70,-11.869600,879706,0.000080
2,10000000,128,79,-11.748648,879706,0.000090
2,10000000,144,38,-12.480509,879706,0.000043
2,10000000,160,3,-15.019483,879706,0.000003
3,10000000,1,1,-16.118096,1300775,0.000001
3,10000000,2,445,-10.020021,1300775,0.000342
3,10000000,3,445,-10.020021,1300775,0.000342
3,10000000,4,98805,-4.617192,1300775,0.075959
3,10000000,5,15,-13.410045,1300775,0.000012
3,10000000,6,7259,-7.228098,1300775,0.005581
3,10000000,7,5,-14.508658,1300775,0.000004
3,10000000,8,266024,-3.626754,1300775,0.204512
3,10000000,9,702,-9.564162,1300775,0.000540
3,10000000,10,1455,-8.835334,1300775,0.001119
3,10000000,11,2,-15.424948,1300775,0.000002
3,10000000,12,103232,-4.573361,1300775,0.079362
3,10000000,13,1,-16.118096,1300775,0.000001
3,10000000,14,575,-9.763726,1300775,0.000442
3,10000000,15,204,-10.799976,1300775,0.000157
3,10000000,16,271086,-3.607904,1300775,0.208403
3,10000000,17,1,-16.118096,1300775,0.000001
3,10000000,18,7980,-7.133402,1300775,0.006135
3,10000000,19,1,-16.118096,1300775,0.000001
3,10000000,20,28511,-5.860050,1300775,0.021918
3,10000000,21,86,-11.663748,1300775,0.000066
3,10000000,22,445,-10.020021,1300775,0.000342
3,10000000,23,1,-16.118096,1300775,0.000001
3,10000000,24,161156,-4.127968,1300775,0.123892
3,10000000,25,9,-13.920871,1300775,0.000007
3,10000000,26,247,-10.608707,1300775,0.000190
3,10000000,27,322,-10.343544,1300775,0.000248
3,10000000,28,10783,-6.832370,1300775,0.008290
3,10000000,30,3933,-7.840938,1300775,0.003024
3,10000000,32,129792,-4.344407,1300775,0.099781
3,10000000,33,23,-12.982601,1300775,0.000018
3,10000000,34,23,-12.982601,1300775,0.000018
3,10000000,35,8,-14.038654,1300775,0.000006
3,10000000,36,27683,-5.889522,1300775,0.021282
3,10000000,38,7,-14.172186,1300775,0.000005
3,10000000,39,13,-13.553146,1300775,0.000010
3,10000000,40,32457,-5.730424,1300775,0.024952
3,10000000,42,1607,-8.735971,1300775,0.001235
3,10000000,44,1037,-9.174008,1300775,0.000797
3,10000000,45,144,-11.148282,1300775,0.000111
3,10000000,48,70571,-4.953721,1300775,0.054253
3,10000000,49,2,-15.424948,1300775,0.000002
3,10000000,50,197,-10.834892,1300775,0.000151
3,10000000,51,3,-15.019483,1300775,0.000002
3,10000000,52,252,-10.588667,1300775,0.000194
3,10000000,54,1622,-8.726680,1300775,0.001247
3,10000000,55,2,-15.424948,1300775,0.000002
3,10000000,56,7558,-7.187734,1300775,0.005810
3,10000000,57,1,-16.118096,1300775,0.000001
3,10000000,60,6339,-7.363619,1300775,0.004873
3,10000000,63,46,-12.289454,1300775,0.000035
3,10000000,64,23023,-6.073847,1300775,0.017699
3,10000000,65,2,-15.424948,1300775,0.000002
3,10000000,66,154,-11.081143,1300775,0.000118
3,10000000,68,8,-14.038654,1300775,0.000006
3,10000000,70,70,-11.869600,1300775,0.000054
3,10000000,72,11349,-6.781211,1300775,0.008725
3,10000000,75,13,-13.553146,1300775,0.000010
3,10000000,78,40,-12.429216,1300775,0.000031
3,10000000,80,7042,-7.258448,1300775,0.005414
3,10000000,81,37,-12.507178,1300775,0.000028
3,10000000,84,1369,-8.896260,1300775,0.001052
3,10000000,88,283,-10.472649,1300775,0.000218
3,10000000,90,366,-10.215462,1300775,0.000281
3,10000000,96,8388,-7.083538,1300775,0.006448
3,10000000,98,1,-16.118096,1300775,0.000001
3,10000000,99,7,-14.172186,1300775,0.000005
3,10000000,100,95,-11.564219,1300775,0.000073
3,10000000,104,37,-12.507178,1300775,0.000028
3,10000000,105,4,-14.731801,1300775,0.000003
3,10000000,108,718,-9.541626,1300775,0.000552
3,10000000,110,2,-15.424948,1300775,0.000002
3,10000000,112,986,-9.224439,1300775,0.000758
3,10000000,117,1,-16.118096,1300775,0.000001
3,10000000,120,1133,-9.085471,1300775,0.000871
3,10000000,126,66,-11.928441,1300775,0.000051
3,10000000,128,1094,-9.120500,1300775,0.000841
3,10000000,132,36,-12.534577,1300775,0.000028
3,10000000,135,6,-14.326336,1300775,0.000005
3,10000000,140,11,-13.720200,1300775,0.000008
3,10000000,144,776,-9.463943,1300775,0.000597
3,10000000,150,4,-14.731801,1300775,0.000003
3,10000000,156,1,-16.118096,1300775,0.000001
3,10000000,160,237,-10.650036,1300775,0.000182
3,10000000,162,13,-13.553146,1300775,0.000010
3,10000000,168,113,-11.390708,1300775,0.000087
3,10000000,176,6,-14.326336,1300775,0.000005
3,10000000,180,30,-12.716898,1300775,0.000023
3,10000000,189,1,-16.118096,1300775,0.000001
3,10000000,192,114,-11.381897,1300775,0.000088
3,10000000,216,9,-13.920871,1300775,0.000007
3,10000000,224,8,-14.038654,1300775,0.000006
3,10000000,240,4,-14.731801,1300775,0.000003
5,10000000,1,1,-16.118096,1677839,0.000001
5,10000000,2,445,-10.020021,1677839,0.000265
5,10000000,3,445,-10.020021,1677839,0.000265
5,10000000,4,98805,-4.617192,1677839,0.058888
5,10000000,5,15,-13.410045,1677839,0.000009
5,10000000,6,7321,-7.219593,1677839,0.004363
5,10000000,7,5,-14.508658,1677839,0.000003
5,10000000,8,284593,-3.559280,1677839,0.169619
5,10000000,9,764,-9.479528,1677839,0.000455
5,10000000,10,1457,-8.833961,1677839,0.000868
5,10000000,11,2,-15.424948,1677839,0.000001
5,10000000,12,122228,-4.404452,1677839,0.072848
5,10000000,13,2,-15.424948,1677839,0.000001
5,10000000,14,907,-9.307953,1677839,0.000541
5,10000000,15,247,-10.608707,1677839,0.000147
5,10000000,16,326418,-3.422162,1677839,0.194547
5,10000000,17,1,-16.118096,1677839,0.000001
5,10000000,18,9655,-6.942864,1677839,0.005754
5,10000000,19,1,-16.118096,1677839,0.000001
5,10000000,20,35321,-5.645863,1677839,0.021051
5,10000000,21,107,-11.445267,1677839,0.000064
5,10000000,22,473,-9.959000,1677839,0.000282
5,10000000,23,1,-16.118096,1677839,0.000001
5,10000000,24,213755,-3.845510,1677839,0.127399
5,10000000,25,11,-13.720200,1677839,0.000007
5,10000000,26,251,-10.592643,1677839,0.000150
5,10000000,27,408,-10.106828,1677839,0.000243
5,10000000,28,12156,-6.712517,1677839,0.007245
5,10000000,30,4530,-7.699618,1677839,0.002700
5,10000000,32,180622,-4.013934,1677839,0.107652
5,10000000,33,27,-12.822259,1677839,0.000016
5,10000000,34,23,-12.982601,1677839,0.000014
5,10000000,35,10,-13.815511,1677839,0.000006
5,10000000,36,41352,-5.488220,1677839,0.024646
5,10000000,38,7,-14.172186,1677839,0.000004
5,10000000,39,14,-13.479038,1677839,0.000008
5,10000000,40,44358,-5.418047,1677839,0.026438
5,10000000,42,2124,-8.457039,1677839,0.001266
5,10000000,44,1252,-8.985598,1677839,0.000746
5,10000000,45,208,-10.780558,1677839,0.000124
5,10000000,48,122150,-4.405091,1677839,0.072802
5,10000000,49,2,-15.424948,1677839,0.000001
5,10000000,50,520,-9.864267,1677839,0.000310
5,10000000,51,3,-15.019483,1677839,0.000002
5,10000000,52,314,-10.368703,1677839,0.000187
5,10000000,54,3033,-8.100788,1677839,0.001808
5,10000000,55,3,-15.019483,1677839,0.000002
5,10000000,56,10601,-6.849392,1677839,0.006318
5,10000000,57,1,-16.118096,1677839,0.000001
5,10000000,60,14612,-6.528497,1677839,0.008709
5,10000000,63,72,-11.841430,1677839,0.000043
5,10000000,64,43891,-5.428631,1677839,0.026159
5,10000000,65,3,-15.019483,1677839,0.000002
5,10000000,66,281,-10.479741,1677839,0.000167
5,10000000,68,15,-13.410045,1677839,0.000009
5,10000000,70,404,-10.116681,1677839,0.000241
5,10000000,72,26426,-5.935992,1677839,0.015750
5,10000000,75,29,-12.750800,1677839,0.000017
5,10000000,76,3,-15.019483,1677839,0.000002
5,10000000,77,2,-15.424948,1677839,0.000001
5,10000000,78,76,-11.787362,1677839,0.000045
5,10000000,80,15484,-6.470533,1677839,0.009229
5,10000000,81,71,-11.855416,1677839,0.000042
5,10000000,84,3185,-8.051888,1677839,0.001898
5,10000000,85,1,-16.118096,1677839,0.000001
5,10000000,88,522,-9.860428,1677839,0.000311
5,10000000,90,1057,-9.154906,1677839,0.000630
5,10000000,91,1,-16.118096,1677839,0.000001
5,10000000,96,22857,-6.081083,1677839,0.013623
5,10000000,98,43,-12.356896,1677839,0.000026
5,10000000,99,11,-13.720200,1677839,0.000007
5,10000000,100,866,-9.354211,1677839,0.000516
5,10000000,102,4,-14.731801,1677839,0.000002
5,10000000,104,94,-11.574801,1677839,0.000056
5,10000000,105,21,-13.073573,1677839,0.000013
5,10000000,108,2151,-8.444408,1677839,0.001282
5,10000000,110,29,-12.750800,1677839,0.000017
5,10000000,112,2346,-8.357629,1677839,0.001398
5,10000000,117,3,-15.019483,1677839,0.000002
5,10000000,120,4644,-7.674764,1677839,0.002768
5,10000000,125,1,-16.118096,1677839,0.000001
5,10000000,126,225,-10.701995,1677839,0.000134
5,10000000,128,3646,-7.916710,1677839,0.002173
5,10000000,130,7,-14.172186,1677839,0.000004
5,10000000,132,131,-11.242898,1677839,0.000078
5,10000000,135,28,-12.785891,1677839,0.000017
5,10000000,140,255,-10.576832,1677839,0.000152
5,10000000,144,3487,-7.961299,1677839,0.002078
5,10000000,147,3,-15.019483,1677839,0.000002
5,10000000,150,78,-11.761387,1677839,0.000046
5,10000000,154,3,-15.019483,1677839,0.000002
5,10000000,156,18,-13.227724,1677839,0.000011
5,10000000,160,1352,-8.908755,1677839,0.000806
5,10000000,162,66,-11.928441,1677839,0.000039
5,10000000,165,1,-16.118096,1677839,0.000001
5,10000000,168,550,-9.808177,1677839,0.000328
5,10000000,176,40,-12.429216,1677839,0.000024
5,10000000,180,300,-10.414313,1677839,0.000179
5,10000000,189,4,-14.731801,1677839,0.000002
5,10000000,192,934,-9.278619,1677839,0.000557
5,10000000,196,8,-14.038654,1677839,0.000005
5,10000000,198,5,-14.508658,1677839,0.000003
5,10000000,200,100,-11.512925,1677839,0.000060
5,10000000,208,1,-16.118096,1677839,0.000001
5,10000000,210,13,-13.553146,1677839,0.000008
5,10000000,216,128,-11.266065,1677839,0.000076
5,10000000,220,2,-15.424948,1677839,0.000001
5,10000000,224,83,-11.699255,1677839,0.000049
5,10000000,225,1,-16.118096,1677839,0.000001
5,10000000,240,137,-11.198115,1677839,0.000082
5,10000000,252,15,-13.410045,1677839,0.000009
5,10000000,256,36,-12.534577,1677839,0.000021
5,10000000,264,1,-16.118096,1677839,0.000001
5,10000000,280,6,-14.326336,1677839,0.000004
5,10000000,288,18,-13.227724,1677839,0.000011
5,10000000,300,1,-16.118096,1677839,0.000001
5,10000000,320,2,-15.424948,1677839,0.000001
7,10000000,1,1,-16.118096,1851757,0.000001
7,10000000,2,445,-10.020021,1851757,0.000240
7,10000000,3,445,-10.020021,1851757,0.000240
7,10000000,4,98805,-4.617192,1851757,0.053357
7,10000000,5,15,-13.410045,1851757,0.000008
7,10000000,6,7349,-7.215776,1851757,0.003969
7,10000000,7,5,-14.508658,1851757,0.000003
7,10000000,8,294239,-3.525948,1851757,0.158897
7,10000000,9,792,-9.443534,1851757,0.000428
7,10000000,10,1459,-8.832589,1851757,0.000788
7,10000000,11,3,-15.019483,1851757,0.000002
7,10000000,12,129492,-4.346721,1851757,0.069929
7,10000000,13,2,-15.424948,1851757,0.000001
7,10000000,14,1004,-9.206348,1851757,0.000542
7,10000000,15,260,-10.557414,1851757,0.000140
7,10000000,16,352942,-3.344037,1851757,0.190598
7,10000000,17,1,-16.118096,1851757,0.000001
7,10000000,18,10403,-6.868246,1851757,0.005618
7,10000000,19,1,-16.118096,1851757,0.000001
7,10000000,20,36294,-5.618688,1851757,0.019600
7,10000000,21,112,-11.399597,1851757,0.000060
7,10000000,22,473,-9.959000,1851757,0.000255
7,10000000,23,1,-16.118096,1851757,0.000001
7,10000000,24,234847,-3.751406,1851757,0.126824
7,10000000,25,12,-13.633189,1851757,0.000006
7,10000000,26,251,-10.592643,1851757,0.000136
7,10000000,27,450,-10.008848,1851757,0.000243
7,10000000,28,12276,-6.702694,1851757,0.006629
7,10000000,30,5278,-7.546793,1851757,0.002850
7,10000000,32,205841,-3.883236,1851757,0.111160
7,10000000,33,27,-12.822259,1851757,0.000015
7,10000000,34,23,-12.982601,1851757,0.000012
7,10000000,35,10,-13.815511,1851757,0.000005
7,10000000,36,48314,-5.332619,1851757,0.026091
7,10000000,38,7,-14.172186,1851757,0.000004
7,10000000,39,14,-13.479038,1851757,0.000008
7,10000000,40,48683,-5.325010,1851757,0.026290
7,10000000,42,2221,-8.412383,1851757,0.001199
7,10000000,44,1366,-8.898454,1851757,0.000738
7,10000000,45,236,-10.654264,1851757,0.000127
7,10000000,48,145213,-4.232139,1851757,0.078419
7,10000000,49,2,-15.424948,1851757,0.000001
7,10000000,50,626,-9.678745,1851757,0.000338
7,10000000,51,3,-15.019483,1851757,0.000002
7,10000000,52,344,-10.277454,1851757,0.000186
7,10000000,54,3436,-7.976032,1851757,0.001856
7,10000000,55,3,-15.019483,1851757,0.000002
7,10000000,56,11663,-6.753919,1851757,0.006298
7,10000000,57,2,-15.424948,1851757,0.000001
7,10000000,60,16864,-6.385159,1851757,0.009107
7,10000000,63,83,-11.699255,1851757,0.000045
7,10000000,64,54424,-5.213535,1851757,0.029390
7,10000000,65,3,-15.019483,1851757,0.000002
7,10000000,66,305,-10.397784,1851757,0.000165
7,10000000,68,18,-13.227724,1851757,0.000010
7,10000000,70,444,-10.022271,1851757,0.000240
7,10000000,72,34535,-5.668367,1851757,0.018650
7,10000000,75,37,-12.507178,1851757,0.000020
7,10000000,76,3,-15.019483,1851757,0.000002
7,10000000,77,2,-15.424948,1851757,0.000001
7,10000000,78,85,-11.675444,1851757,0.000046
7,10000000,80,18972,-6.267376,1851757,0.010245
7,10000000,81,85,-11.675444,1851757,0.000046
7,10000000,84,3825,-7.868782,1851757,0.002066
7,10000000,85,1,-16.118096,1851757,0.000001
7,10000000,88,612,-9.701363,1851757,0.000330
7,10000000,90,1382,-8.886809,1851757,0.000746
7,10000000,91,1,-16.118096,1851757,0.000001
7,10000000,96,31339,-5.765477,1851757,0.016924
7,10000000,98,44,-12.333906,1851757,0.000024
7,10000000,99,14,-13.479038,1851757,0.000008
7,10000000,100,968,-9.242864,1851757,0.000523
7,10000000,102,4,-14.731801,1851757,0.000002
7,10000000,104,111,-11.408565,1851757,0.000060
7,10000000,105,25,-12.899220,1851757,0.000014
7,10000000,108,3242,-8.034150,1851757,0.001751
7,10000000,110,30,-12.716898,1851757,0.000016
7,10000000,112,2986,-8.116406,1851757,0.001613
7,10000000,117,3,-15.019483,1851757,0.000002
7,10000000,120,6508,-7.337308,1851757,0.003515
7,10000000,125,1,-16.118096,1851757,0.000001
7,10000000,126,308,-10.387996,1851757,0.000166
7,10000000,128,5349,-7.533431,1851757,0.002889
7,10000000,130,8,-14.038654,1851757,0.000004
7,10000000,132,165,-11.012150,1851757,0.000089
7,10000000,135,38,-12.480509,1851757,0.000021
7,10000000,136,1,-16.118096,1851757,0.000001
7,10000000,140,297,-10.424364,1851757,0.000160
7,10000000,144,5791,-7.454035,1851757,0.003127
7,10000000,147,4,-14.731801,1851757,0.000002
7,10000000,150,132,-11.235294,1851757,0.000071
7,10000000,154,3,-15.019483,1851757,0.000002
7,10000000,156,28,-12.785891,1851757,0.000015
7,10000000,160,2067,-8.484242,1851757,0.001116
7,10000000,162,125,-11.289782,1851757,0.000068
7,10000000,165,2,-15.424948,1851757,0.000001
7,10000000,168,848,-9.375215,1851757,0.000458
7,10000000,175,2,-15.424948,1851757,0.000001
7,10000000,176,61,-12.007222,1851757,0.000033
7,10000000,180,610,-9.704637,1851757,0.000329
7,10000000,189,7,-14.172186,1851757,0.000004
7,10000000,192,1825,-8.608760,1851757,0.000986
7,10000000,195,1,-16.118096,1851757,0.000001
7,10000000,196,11,-13.720200,1851757,0.000006
7,10000000,198,13,-13.553146,1851757,0.000007
7,10000000,200,171,-10.976432,1851757,0.000092
7,10000000,208,4,-14.731801,1851757,0.000002
7,10000000,210,34,-12.591735,1851757,0.000018
7,10000000,216,362,-10.226451,1851757,0.000195
7,10000000,220,5,-14.508658,1851757,0.000003
7,10000000,224,165,-11.012150,1851757,0.000089
7,10000000,225,3,-15.019483,1851757,0.000002
7,10000000,240,375,-10.191170,1851757,0.000203
7,10000000,243,2,-15.424948,1851757,0.000001
7,10000000,250,1,-16.118096,1851757,0.000001
7,10000000,252,48,-12.246895,1851757,0.000026
7,10000000,256,97,-11.543385,1851757,0.000052
7,10000000,264,5,-14.508658,1851757,0.000003
7,10000000,270,8,-14.038654,1851757,0.000004
7,10000000,280,14,-13.479038,1851757,0.000008
7,10000000,288,90,-11.618286,1851757,0.000049
7,10000000,300,7,-14.172186,1851757,0.000004
7,10000000,320,12,-13.633189,1851757,0.000006
7,10000000,324,1,-16.118096,1851757,0.000001
7,10000000,336,7,-14.172186,1851757,0.000004
7,10000000,360,3,-15.019483,1851757,0.000002
11,10000000,1,1,-16.118096,2017676,0.000000
11,10000000,2,445,-10.020021,2017676,0.000221
11,10000000,3,445,-10.020021,2017676,0.000221
11,10000000,4,98805,-4.617192,2017676,0.048970
11,10000000,5,15,-13.410045,2017676,0.000007
11,10000000,6,7375,-7.212244,2017676,0.003655
11,10000000,7,5,-14.508658,2017676,0.000002
11,10000000,8,303899,-3.493645,2017676,0.150618
11,10000000,9,819,-9.410012,2017676,0.000406
11,10000000,10,1846,-8.597319,2017676,0.000915
11,10000000,11,3,-15.019483,2017676,0.000001
11,10000000,12,135543,-4.301051,2017676,0.067178
11,10000000,13,2,-15.424948,2017676,0.000001
11,10000000,14,1019,-9.191519,2017676,0.000505
11,10000000,15,271,-10.515977,2017676,0.000134
11,10000000,16,378288,-3.274685,2017676,0.187487
11,10000000,17,1,-16.118096,2017676,0.000000
11,10000000,18,10719,-6.838323,2017676,0.005313
11,10000000,19,1,-16.118096,2017676,0.000000
11,10000000,20,36941,-5.601018,2017676,0.018309
11,10000000,21,114,-11.381897,2017676,0.000057
11,10000000,22,473,-9.959000,2017676,0.000234
11,10000000,23,1,-16.118096,2017676,0.000000
11,10000000,24,255686,-3.666390,2017676,0.126723
11,10000000,25,12,-13.633189,2017676,0.000006
11,10000000,26,251,-10.592643,2017676,0.000124
11,10000000,27,489,-9.925733,2017676,0.000242
11,10000000,28,12299,-6.700822,2017676,0.006096
11,10000000,30,5619,-7.484187,2017676,0.002785
11,10000000,32,231003,-3.767910,2017676,0.114490
11,10000000,33,27,-12.822259,2017676,0.000013
11,10000000,34,23,-12.982601,2017676,0.000011
11,10000000,35,13,-13.553146,2017676,0.000006
11,10000000,36,53392,-5.232679,2017676,0.026462
11,10000000,38,7,-14.172186,2017676,0.000003
11,10000000,39,14,-13.479038,2017676,0.000007
11,10000000,40,52051,-5.258116,2017676,0.025798
11,10000000,42,2553,-8.273071,2017676,0.001265
11,10000000,44,1366,-8.898454,2017676,0.000677
11,10000000,45,260,-10.557414,2017676,0.000129
11,10000000,48,167335,-4.090343,2017676,0.082935
11,10000000,49,3,-15.019483,2017676,0.000001
11,10000000,50,676,-9.601903,2017676,0.000335
11,10000000,51,3,-15.019483,2017676,0.000001
11,10000000,52,347,-10.268771,2017676,0.000172
11,10000000,54,4086,-7.802774,2017676,0.002025
11,10000000,55,4,-14.731801,2017676,0.000002
11,10000000,56,12532,-6.682055,2017676,0.006211
11,10000000,57,2,-15.424948,2017676,0.000001
11,10000000,60,18826,-6.275101,2017676,0.009331
11,10000000,63,91,-11.607236,2017676,0.000045
11,10000000,64,65224,-5.032513,2017676,0.032326
11,10000000,65,4,-14.731801,2017676,0.000002
11,10000000,66,331,-10.315977,2017676,0.000164
11,10000000,68,19,-13.173657,2017676,0.000009
11,10000000,70,461,-9.984698,2017676,0.000228
11,10000000,72,41939,-5.474124,2017676,0.020786
11,10000000,75,40,-12.429216,2017676,0.000020
11,10000000,76,3,-15.019483,2017676,0.000001
11,10000000,77,2,-15.424948,2017676,0.000001
11,10000000,78,93,-11.585496,2017676,0.000046
11,10000000,80,21880,-6.124767,2017676,0.010844
11,10000000,81,102,-11.493123,2017676,0.000051
11,10000000,84,4385,-7.732151,2017676,0.002173
11,10000000,85,1,-16.118096,2017676,0.000000
11,10000000,88,670,-9.610818,2017676,0.000332
11,10000000,90,1681,-8.690952,2017676,0.000833
11,10000000,91,1,-16.118096,2017676,0.000000
11,10000000,96,40124,-5.518366,2017676,0.019886
11,10000000,98,45,-12.311433,2017676,0.000022
11,10000000,99,15,-13.410045,2017676,0.000007
11,10000000,100,1092,-9.122329,2017676,0.000541
11,10000000,102,5,-14.508658,2017676,0.000002
11,10000000,104,129,-11.258283,2017676,0.000064
11,10000000,105,27,-12.822259,2017676,0.000013
11,10000000,108,4323,-7.746391,2017676,0.002143
11,10000000,110,32,-12.652360,2017676,0.000016
11,10000000,112,3570,-7.937775,2017676,0.001769
11,10000000,117,4,-14.731801,2017676,0.000002
11,10000000,120,8091,-7.119588,2017676,0.004010
11,10000000,125,2,-15.424948,2017676,0.000001
11,10000000,126,387,-10.159671,2017676,0.000192
11,10000000,128,7264,-7.227410,2017676,0.003600
11,10000000,130,8,-14.038654,2017676,0.000004
11,10000000,132,202,-10.809828,2017676,0.000100
11,10000000,135,51,-12.186270,2017676,0.000025
11,10000000,136,2,-15.424948,2017676,0.000001
11,10000000,140,340,-10.289150,2017676,0.000169
11,10000000,144,8283,-7.096135,2017676,0.004105
11,10000000,147,4,-14.731801,2017676,0.000002
11,10000000,150,167,-11.000102,2017676,0.000083
11,10000000,154,3,-15.019483,2017676,0.000001
11,10000000,156,34,-12.591735,2017676,0.000017
11,10000000,160,2786,-8.185733,2017676,0.001381
11,10000000,162,195,-10.845096,2017676,0.000097
11,10000000,165,3,-15.019483,2017676,0.000001
11,10000000,168,1145,-9.074936,2017676,0.000567
11,10000000,175,2,-15.424948,2017676,0.000001
11,10000000,176,83,-11.699255,2017676,0.000041
11,10000000,180,885,-9.332508,2017676,0.000439
11,10000000,189,10,-13.815511,2017676,0.000005
11,10000000,192,2902,-8.144940,2017676,0.001438
11,10000000,195,1,-16.118096,2017676,0.000000
11,10000000,196,14,-13.479038,2017676,0.000007
11,10000000,198,16,-13.345507,2017676,0.000008
11,10000000,200,225,-10.701995,2017676,0.000112
11,10000000,208,6,-14.326336,2017676,0.000003
11,10000000,210,44,-12.333906,2017676,0.000022
11,10000000,216,665,-9.618309,2017676,0.000330
11,10000000,220,6,-14.326336,2017676,0.000003
11,10000000,224,252,-10.588667,2017676,0.000125
11,10000000,225,6,-14.326336,2017676,0.000003
11,10000000,234,2,-15.424948,2017676,0.000001
11,10000000,240,648,-9.644205,2017676,0.000321
11,10000000,243,3,-15.019483,2017676,0.000001
11,10000000,250,1,-16.118096,2017676,0.000000
11,10000000,252,90,-11.618286,2017676,0.000045
11,10000000,256,187,-10.886987,2017676,0.000093
11,10000000,264,13,-13.553146,2017676,0.000006
11,10000000,270,28,-12.785891,2017676,0.000014
11,10000000,280,25,-12.899220,2017676,0.000012
11,10000000,288,260,-10.557414,2017676,0.000129
11,10000000,294,1,-16.118096,2017676,0.000000
11,10000000,300,21,-13.073573,2017676,0.000010
11,10000000,315,1,-16.118096,2017676,0.000000
11,10000000,320,43,-12.356896,2017676,0.000021
11,10000000,324,14,-13.479038,2017676,0.000007
11,10000000,336,27,-12.822259,2017676,0.000013
11,10000000,360,16,-13.345507,2017676,0.000008
11,10000000,378,1,-16.118096,2017676,0.000000
11,10000000,384,8,-14.038654,2017676,0.000004
13,10000000,1,1,-16.118096,2063911,0.000000
13,10000000,2,445,-10.020021,2063911,0.000216
13,10000000,3,445,-10.020021,2063911,0.000216
13,10000000,4,98805,-4.617192,2063911,0.047873
13,10000000,5,15,-13.410045,2063911,0.000007
13,10000000,6,7383,-7.211160,2063911,0.003577
13,10000000,7,5,-14.508658,2063911,0.000002
13,10000000,8,307007,-3.483470,2063911,0.148750
13,10000000,9,827,-9.400291,2063911,0.000401
13,10000000,10,1854,-8.592995,2063911,0.000898
13,10000000,11,3,-15.019483,2063911,0.000001
13,10000000,12,136825,-4.291638,2063911,0.066294
13,10000000,13,2,-15.424948,2063911,0.000001
13,10000000,14,1020,-9.190538,2063911,0.000494
13,10000000,15,273,-10.508624,2063911,0.000132
13,10000000,16,385338,-3.256220,2063911,0.186703
13,10000000,17,1,-16.118096,2063911,0.000000
13,10000000,18,11142,-6.799619,2063911,0.005398
13,10000000,19,1,-16.118096,2063911,0.000000
13,10000000,20,36988,-5.599747,2063911,0.017921
13,10000000,21,115,-11.373164,2063911,0.000056
13,10000000,22,473,-9.959000,2063911,0.000229
13,10000000,23,1,-16.118096,2063911,0.000000
13,10000000,24,261209,-3.645020,2063911,0.126560
13,10000000,25,13,-13.553146,2063911,0.000006
13,10000000,26,251,-10.592643,2063911,0.000122
13,10000000,27,498,-9.907496,2063911,0.000241
13,10000000,28,12301,-6.700660,2063911,0.005960
13,10000000,30,5661,-7.476740,2063911,0.002743
13,10000000,32,238255,-3.736999,2063911,0.115439
13,10000000,33,27,-12.822259,2063911,0.000013
13,10000000,34,23,-12.982601,2063911,0.000011
13,10000000,35,13,-13.553146,2063911,0.000006
13,10000000,36,55029,-5.202480,2063911,0.026662
13,10000000,38,7,-14.172186,2063911,0.000003
13,10000000,39,14,-13.479038,2063911,0.000007
13,10000000,40,53032,-5.239445,2063911,0.025695
13,10000000,42,2556,-8.271897,2063911,0.001238
13,10000000,44,1427,-8.854766,2063911,0.000691
13,10000000,45,267,-10.530847,2063911,0.000129
13,10000000,48,173436,-4.054532,2063911,0.084033
13,10000000,49,3,-15.019483,2063911,0.000001
13,10000000,50,681,-9.594533,2063911,0.000330
13,10000000,51,4,-14.731801,2063911,0.000002
13,10000000,52,363,-10.223693,2063911,0.000176
13,10000000,54,4257,-7.761776,2063911,0.002063
13,10000000,55,4,-14.731801,2063911,0.000002
13,10000000,56,12735,-6.665986,2063911,0.006170
13,10000000,57,2,-15.424948,2063911,0.000001
13,10000000,60,19106,-6.260338,2063911,0.009257
13,10000000,63,93,-11.585496,2063911,0.000045
13,10000000,64,68676,-4.980941,2063911,0.033275
13,10000000,65,4,-14.731801,2063911,0.000002
13,10000000,66,336,-10.300984,2063911,0.000163
13,10000000,68,19,-13.173657,2063911,0.000009
13,10000000,70,463,-9.980369,2063911,0.000224
13,10000000,72,43769,-5.431415,2063911,0.021207
13,10000000,75,41,-12.404524,2063911,0.000020
13,10000000,76,4,-14.731801,2063911,0.000002
13,10000000,77,2,-15.424948,2063911,0.000001
13,10000000,78,94,-11.574801,2063911,0.000046
13,10000000,80,22853,-6.081258,2063911,0.011073
13,10000000,81,109,-11.426748,2063911,0.000053
13,10000000,84,4456,-7.716089,2063911,0.002159
13,10000000,85,1,-16.118096,2063911,0.000000
13,10000000,88,699,-9.568445,2063911,0.000339
13,10000000,90,1743,-8.654733,2063911,0.000845
13,10000000,91,1,-16.118096,2063911,0.000000
13,10000000,96,42535,-5.460013,2063911,0.020609
13,10000000,98,45,-12.311433,2063911,0.000022
13,10000000,99,15,-13.410045,2063911,0.000007
13,10000000,100,1100,-9.115030,2063911,0.000533
13,10000000,102,5,-14.508658,2063911,0.000002
13,10000000,104,134,-11.220256,2063911,0.000065
13,10000000,105,28,-12.785891,2063911,0.000014
13,10000000,108,4567,-7.691484,2063911,0.002213
13,10000000,110,33,-12.621588,2063911,0.000016
13,10000000,112,3688,-7.905256,2063911,0.001787
13,10000000,117,4,-14.731801,2063911,0.000002
13,10000000,120,8529,-7.066868,2063911,0.004132
13,10000000,125,2,-15.424948,2063911,0.000001
13,10000000,126,404,-10.116681,2063911,0.000196
13,10000000,128,7905,-7.142845,2063911,0.003830
13,10000000,130,8,-14.038654,2063911,0.000004
13,10000000,132,209,-10.775761,2063911,0.000101
13,10000000,135,52,-12.166852,2063911,0.000025
13,10000000,136,2,-15.424948,2063911,0.000001
13,10000000,140,348,-10.265893,2063911,0.000169
13,10000000,144,8919,-7.022157,2063911,0.004321
13,10000000,147,4,-14.731801,2063911,0.000002
13,10000000,150,172,-10.970601,2063911,0.000083
13,10000000,154,3,-15.019483,2063911,0.000001
13,10000000,156,37,-12.507178,2063911,0.000018
13,10000000,160,3003,-8.110729,2063911,0.001455
13,10000000,162,210,-10.770988,2063911,0.000102
13,10000000,165,3,-15.019483,2063911,0.000001
13,10000000,168,1202,-9.026354,2063911,0.000582
13,10000000,175,2,-15.424948,2063911,0.000001
13,10000000,176,89,-11.629459,2063911,0.000043
13,10000000,180,949,-9.262687,2063911,0.000460
13,10000000,189,12,-13.633189,2063911,0.000006
13,10000000,192,3240,-8.034767,2063911,0.001570
13,10000000,195,1,-16.118096,2063911,0.000000
13,10000000,196,15,-13.410045,2063911,0.000007
13,10000000,198,18,-13.227724,2063911,0.000009
13,10000000,200,235,-10.658510,2063911,0.000114
13,10000000,208,7,-14.172186,2063911,0.000003
13,10000000,210,44,-12.333906,2063911,0.000021
13,10000000,216,732,-9.522315,2063911,0.000355
13,10000000,220,6,-14.326336,2063911,0.000003
13,10000000,224,274,-10.504968,2063911,0.000133
13,10000000,225,7,-14.172186,2063911,0.000003
13,10000000,234,2,-15.424948,2063911,0.000001
13,10000000,240,728,-9.527795,2063911,0.000353
13,10000000,243,3,-15.019483,2063911,0.000001
13,10000000,250,2,-15.424948,2063911,0.000001
13,10000000,252,97,-11.543385,2063911,0.000047
13,10000000,256,225,-10.701995,2063911,0.000109
13,10000000,264,15,-13.410045,2063911,0.000007
13,10000000,270,32,-12.652360,2063911,0.000016
13,10000000,280,28,-12.785891,2063911,0.000014
13,10000000,288,313,-10.371892,2063911,0.000152
13,10000000,294,1,-16.118096,2063911,0.000000
13,10000000,300,21,-13.073573,2063911,0.000010
13,10000000,315,1,-16.118096,2063911,0.000000
13,10000000,320,50,-12.206073,2063911,0.000024
13,10000000,324,16,-13.345507,2063911,0.000008
13,10000000,336,35,-12.562748,2063911,0.000017
13,10000000,360,22,-13.027053,2063911,0.000011
13,10000000,378,1,-16.118096,2063911,0.000000
13,10000000,384,13,-13.553146,2063911,0.000006
13,10000000,400,2,-15.424948,2063911,0.000001
13,10000000,432,1,-16.118096,2063911,0.000000
