n,i,log10_a,log2_a_plus_1,is_spike
2,1,0.4771,2.0000,0
2,2,0.0000,1.0000,0
2,3,0.6021,2.3219,0
2,4,0.0000,1.0000,0
2,5,1.0792,3.7004,0
2,6,0.6021,2.3219,0
2,7,1.1139,3.8074,0
2,8,0.3010,1.5850,0
2,9,0.0000,1.0000,0
2,10,38.6517,128.3981,1
2,11,0.0000,1.0000,0
2,12,1.0000,3.4594,0
2,13,0.7782,2.8074,0
2,14,0.8451,3.0000,0
2,15,0.0000,1.0000,0
2,16,0.4771,2.0000,0
2,17,0.0000,1.0000,0
2,18,0.0000,1.0000,0
2,19,0.0000,1.0000,0
2,20,0.6021,2.3219,0
2,21,0.0000,1.0000,0
2,22,0.4771,2.0000,0
2,23,0.0000,1.0000,0
2,24,0.0000,1.0000,0
2,25,0.0000,1.0000,0
2,26,0.6990,2.5850,0
2,27,0.0000,1.0000,0
2,28,0.0000,1.0000,0
2,29,1.0000,3.4594,0
2,30,0.3010,1.5850,0
2,31,0.0000,1.0000,0
2,32,619.6482,2058.4268,1
2,33,0.8451,3.0000,0
2,34,0.0000,1.0000,0
2,35,0.0000,1.0000,0
2,36,0.0000,1.0000,0
2,37,0.3010,1.5850,0
2,38,1.0414,3.5850,0
2,39,0.6021,2.3219,0
2,40,0.0000,1.0000,0
2,41,0.0000,1.0000,0
2,42,0.0000,1.0000,0
2,43,0.3010,1.5850,0
2,44,0.3010,1.5850,0
2,45,1.7160,5.7279,0
2,46,0.0000,1.0000,0
2,47,2.0682,6.8826,0
2,48,0.0000,1.0000,0
2,49,0.7782,2.8074,0
2,50,0.4771,2.0000,0
2,51,0.0000,1.0000,0
2,52,0.9031,3.1699,0
2,53,0.9542,3.3219,0
2,54,0.4771,2.0000,0
2,55,1.3617,4.5850,0
2,56,0.3010,1.5850,0
2,57,0.3010,1.5850,0
2,58,0.0000,1.0000,0
2,59,0.0000,1.0000,0
2,60,0.6990,2.5850,0
2,61,0.6021,2.3219,0
2,62,0.6021,2.3219,0
2,63,0.3010,1.5850,0
2,64,1.7076,5.7004,0
2,65,0.0000,1.0000,0
2,66,0.0000,1.0000,0
2,67,0.6990,2.5850,0
2,68,0.0000,1.0000,0
2,69,1.0414,3.5850,0
2,70,0.0000,1.0000,0
2,71,12.9802,43.1192,1
2,72,0.7782,2.8074,0
2,73,0.0000,1.0000,0
2,74,0.6990,2.5850,0
2,75,0.4771,2.0000,0
2,76,1.6532,5.5236,0
2,77,1.3010,4.3923,0
2,78,0.3010,1.5850,0
2,79,0.3010,1.5850,0
2,80,0.0000,1.0000,0
2,81,0.0000,1.0000,0
2,82,0.0000,1.0000,0
2,83,0.4771,2.0000,0
2,84,0.6990,2.5850,0
2,85,0.0000,1.0000,0
2,86,1.2041,4.0875,0
2,87,0.8451,3.0000,0
2,88,0.7782,2.8074,0
2,89,0.0000,1.0000,0
2,90,0.0000,1.0000,0
2,91,0.0000,1.0000,0
2,92,0.3010,1.5850,0
2,93,0.0000,1.0000,0
2,94,0.3010,1.5850,0
2,95,0.3010,1.5850,0
2,96,0.0000,1.0000,0
2,97,0.0000,1.0000,0
2,98,0.4771,2.0000,0
2,99,0.0000,1.0000,0
2,100,0.4771,2.0000,0
2,101,0.4771,2.0000,0
2,102,0.0000,1.0000,0
2,103,1.0414,3.5850,0
2,104,0.0000,1.0000,0
2,105,1.8513,6.1699,0
2,106,0.3010,1.5850,0
2,107,0.0000,1.0000,0
2,108,0.9031,3.1699,0
2,109,0.0000,1.0000,0
2,110,0.0000,1.0000,0
2,111,0.0000,1.0000,0
2,112,0.9031,3.1699,0
2,113,0.4771,2.0000,0
2,114,0.0000,1.0000,0
2,115,0.3010,1.5850,0
2,116,0.0000,1.0000,0
2,117,0.3010,1.5850,0
2,118,8267.6479,27464.5317,1
2,119,0.4771,2.0000,0
2,120,0.3010,1.5850,0
2,121,0.0000,1.0000,0
2,122,0.0000,1.0000,0
2,123,0.0000,1.0000,0
2,124,0.0000,1.0000,0
2,125,1.0414,3.5850,0
2,126,0.3010,1.5850,0
2,127,2.0086,6.6865,0
2,128,0.3010,1.5850,0
2,129,0.0000,1.0000,0
2,130,0.4771,2.0000,0
2,131,0.4771,2.0000,0
2,132,0.0000,1.0000,0
2,133,0.0000,1.0000,0
2,134,0.4771,2.0000,0
2,135,0.4771,2.0000,0
2,136,0.0000,1.0000,0
2,137,0.0000,1.0000,0
2,138,2.2788,7.5774,0
2,139,1.0792,3.7004,0
2,140,0.0000,1.0000,0
2,141,0.3010,1.5850,0
2,142,0.3010,1.5850,0
2,143,0.0000,1.0000,0
2,144,0.0000,1.0000,0
2,145,0.0000,1.0000,0
2,146,1.7782,5.9307,0
2,147,0.0000,1.0000,0
2,148,0.0000,1.0000,0
2,149,0.0000,1.0000,0
2,150,0.0000,1.0000,0
2,151,0.0000,1.0000,0
2,152,0.0000,1.0000,0
2,153,0.0000,1.0000,0
2,154,0.0000,1.0000,0
2,155,0.7782,2.8074,0
2,156,0.0000,1.0000,0
2,157,0.3010,1.5850,0
2,158,0.0000,1.0000,0
2,159,0.0000,1.0000,0
2,160,1.1761,4.0000,0
2,161,0.6021,2.3219,0
2,162,0.6990,2.5850,0
2,163,0.3010,1.5850,0
2,164,0.9542,3.3219,0
2,165,0.0000,1.0000,0
2,166,0.0000,1.0000,0
2,167,0.0000,1.0000,0
2,168,0.6990,2.5850,0
2,169,0.7782,2.8074,0
2,170,0.0000,1.0000,0
2,171,0.0000,1.0000,0
2,172,0.6990,2.5850,0
2,173,0.0000,1.0000,0
2,174,0.4771,2.0000,0
2,175,0.0000,1.0000,0
2,176,1.3222,4.4594,0
2,177,0.7782,2.8074,0
2,178,0.0000,1.0000,0
2,179,1.0792,3.7004,0
2,180,0.0000,1.0000,0
2,181,0.0000,1.0000,0
2,182,0.0000,1.0000,0
2,183,0.3010,1.5850,0
2,184,0.6990,2.5850,0
2,185,2.6866,8.9278,0
2,186,0.0000,1.0000,0
2,187,0.6990,2.5850,0
2,188,0.0000,1.0000,0
2,189,0.0000,1.0000,0
2,190,0.0000,1.0000,0
2,191,0.0000,1.0000,0
2,192,1.0000,3.4594,0
2,193,0.8451,3.0000,0
2,194,0.0000,1.0000,0
2,195,0.3010,1.5850,0
2,196,0.3010,1.5850,0
2,197,0.9031,3.1699,0
2,198,0.3010,1.5850,0
2,199,0.0000,1.0000,0
2,200,0.0000,1.0000,0
2,201,0.0000,1.0000,0
2,202,0.4771,2.0000,0
2,203,0.6021,2.3219,0
2,204,0.8451,3.0000,0
2,205,0.0000,1.0000,0
2,206,0.4771,2.0000,0
2,207,0.0000,1.0000,0
2,208,0.3010,1.5850,0
2,209,0.4771,2.0000,0
2,210,1.6435,5.4919,0
2,211,0.7782,2.8074,0
2,212,0.0000,1.0000,0
2,213,0.9031,3.1699,0
2,214,0.3010,1.5850,0
2,215,0.3010,1.5850,0
2,216,0.0000,1.0000,0
2,217,0.0000,1.0000,0
2,218,0.0000,1.0000,0
2,219,0.0000,1.0000,0
2,220,0.6021,2.3219,0
2,221,0.3010,1.5850,0
2,222,0.0000,1.0000,0
2,223,0.0000,1.0000,0
2,224,0.6021,2.3219,0
2,225,0.0000,1.0000,0
2,226,0.0000,1.0000,0
2,227,0.3010,1.5850,0
2,228,0.3010,1.5850,0
2,229,0.6021,2.3219,0
2,230,1.3424,4.5236,0
2,231,0.0000,1.0000,0
2,232,0.6990,2.5850,0
2,233,0.6021,2.3219,0
2,234,0.0000,1.0000,0
2,235,0.4771,2.0000,0
2,236,0.9542,3.3219,0
2,237,0.4771,2.0000,0
2,238,0.0000,1.0000,0
2,239,0.6021,2.3219,0
2,240,0.3010,1.5850,0
2,241,0.3010,1.5850,0
2,242,0.3010,1.5850,0
2,243,1.0792,3.7004,0
2,244,0.0000,1.0000,0
2,245,1.0414,3.5850,0
2,246,0.6990,2.5850,0
2,247,0.0000,1.0000,0
2,248,0.4771,2.0000,0
2,249,1.2788,4.3219,0
2,250,0.0000,1.0000,0
2,251,0.0000,1.0000,0
2,252,0.6990,2.5850,0
2,253,0.0000,1.0000,0
2,254,0.0000,1.0000,0
2,255,0.0000,1.0000,0
2,256,0.3010,1.5850,0
2,257,0.3010,1.5850,0
2,258,0.6021,2.3219,0
2,259,0.3010,1.5850,0
2,260,0.6021,2.3219,0
2,261,0.6021,2.3219,0
2,262,0.3010,1.5850,0
2,263,0.0000,1.0000,0
2,264,0.0000,1.0000,0
2,265,0.3010,1.5850,0
2,266,0.9542,3.3219,0
2,267,0.0000,1.0000,0
2,268,0.4771,2.0000,0
2,269,0.0000,1.0000,0
2,270,0.9031,3.1699,0
2,271,0.3010,1.5850,0
2,272,1.4624,4.9069,0
2,273,583.9758,1939.9257,1
2,274,0.4771,2.0000,0
2,275,0.3010,1.5850,0
2,276,1.0000,3.4594,0
2,277,0.3010,1.5850,0
2,278,0.3010,1.5850,0
2,279,0.0000,1.0000,0
2,280,0.0000,1.0000,0
2,281,0.3010,1.5850,0
2,282,0.0000,1.0000,0
2,283,0.0000,1.0000,0
2,284,1.3979,4.7004,0
2,285,0.0000,1.0000,0
2,286,0.8451,3.0000,0
2,287,0.0000,1.0000,0
2,288,0.0000,1.0000,0
2,289,0.4771,2.0000,0
2,290,0.0000,1.0000,0
2,291,0.8451,3.0000,0
2,292,0.0000,1.0000,0
2,293,0.0000,1.0000,0
2,294,0.7782,2.8074,0
2,295,0.3010,1.5850,0
2,296,0.0000,1.0000,0
2,297,0.0000,1.0000,0
2,298,0.0000,1.0000,0
2,299,0.8451,3.0000,0
2,300,0.4771,2.0000,0
2,301,0.4771,2.0000,0
2,302,1.3222,4.4594,0
2,303,0.0000,1.0000,0
2,304,0.0000,1.0000,0
2,305,0.6021,2.3219,0
2,306,0.0000,1.0000,0
2,307,0.4771,2.0000,0
2,308,0.4771,2.0000,0
2,309,0.6021,2.3219,0
2,310,0.0000,1.0000,0
2,311,0.0000,1.0000,0
2,312,0.4771,2.0000,0
2,313,0.6990,2.5850,0
2,314,0.3010,1.5850,0
2,315,0.0000,1.0000,0
2,316,0.3010,1.5850,0
2,317,0.0000,1.0000,0
2,318,0.0000,1.0000,0
2,319,0.3010,1.5850,0
2,320,1.3424,4.5236,0
2,321,0.0000,1.0000,0
2,322,0.8451,3.0000,0
2,323,1.3617,4.5850,0
2,324,0.7782,2.8074,0
2,325,0.9031,3.1699,0
2,326,0.0000,1.0000,0
2,327,0.0000,1.0000,0
2,328,0.6990,2.5850,0
2,329,0.3010,1.5850,0
2,330,0.3010,1.5850,0
2,331,2.6345,8.7549,0
2,332,0.0000,1.0000,0
2,333,0.7782,2.8074,0
2,334,0.4771,2.0000,0
2,335,0.9031,3.1699,0
2,336,0.0000,1.0000,0
2,337,0.0000,1.0000,0
2,338,0.4771,2.0000,0
2,339,0.4771,2.0000,0
2,340,0.0000,1.0000,0
2,341,0.8451,3.0000,0
2,342,0.7782,2.8074,0
2,343,0.0000,1.0000,0
2,344,0.6021,2.3219,0
2,345,2.4014,7.9830,0
2,346,0.3010,1.5850,0
2,347,1.2553,4.2479,0
2,348,0.0000,1.0000,0
2,349,0.0000,1.0000,0
2,350,1.1139,3.8074,0
2,351,0.0000,1.0000,0
2,352,0.6021,2.3219,0
2,353,8.0991,26.9047,1
2,354,0.8451,3.0000,0
2,355,0.0000,1.0000,0
2,356,0.3010,1.5850,0
2,357,0.0000,1.0000,0
2,358,0.0000,1.0000,0
2,359,0.4771,2.0000,0
2,360,0.0000,1.0000,0
2,361,0.3010,1.5850,0
2,362,0.0000,1.0000,0
2,363,0.3010,1.5850,0
2,364,1.4624,4.9069,0
2,365,0.3010,1.5850,0
2,366,0.0000,1.0000,0
2,367,0.7782,2.8074,0
2,368,1.0792,3.7004,0
2,369,0.6021,2.3219,0
2,370,0.0000,1.0000,0
2,371,0.3010,1.5850,0
2,372,0.0000,1.0000,0
2,373,0.0000,1.0000,0
2,374,0.6021,2.3219,0
2,375,0.3010,1.5850,0
2,376,0.0000,1.0000,0
2,377,1.8129,6.0444,0
2,378,0.3010,1.5850,0
2,379,0.4771,2.0000,0
2,380,0.0000,1.0000,0
2,381,1.1761,4.0000,0
2,382,0.6021,2.3219,0
2,383,0.6021,2.3219,0
2,384,0.0000,1.0000,0
2,385,0.0000,1.0000,0
2,386,0.3010,1.5850,0
2,387,0.4771,2.0000,0
2,388,0.3010,1.5850,0
2,389,0.3010,1.5850,0
2,390,0.3010,1.5850,0
2,391,0.4771,2.0000,0
2,392,0.3010,1.5850,0
2,393,0.6021,2.3219,0
2,394,0.4771,2.0000,0
2,395,0.0000,1.0000,0
2,396,0.0000,1.0000,0
2,397,0.0000,1.0000,0
2,398,0.0000,1.0000,0
2,399,0.6990,2.5850,0
2,400,0.4771,2.0000,0
2,401,0.3010,1.5850,0
2,402,0.9542,3.3219,0
2,403,0.6021,2.3219,0
2,404,0.0000,1.0000,0
2,405,0.6021,2.3219,0
2,406,0.4771,2.0000,0
2,407,0.6021,2.3219,0
2,408,0.0000,1.0000,0
3,1,0.3010,1.5850,0
3,2,0.0000,1.0000,0
3,3,0.4771,2.0000,0
3,4,0.4771,2.0000,0
3,5,0.8451,3.0000,0
3,6,0.9542,3.3219,0
3,7,0.3010,1.5850,0
3,8,0.0000,1.0000,0
3,9,0.0000,1.0000,0
3,10,0.4771,2.0000,0
3,11,0.6021,2.3219,0
3,12,0.0000,1.0000,0
3,13,0.0000,1.0000,0
3,14,0.0000,1.0000,0
3,15,0.0000,1.0000,0
3,16,29.9495,99.4901,1
3,17,0.4771,2.0000,0
3,18,0.0000,1.0000,0
3,19,0.0000,1.0000,0
3,20,0.9542,3.3219,0
3,21,0.3010,1.5850,0
3,22,0.3010,1.5850,0
3,23,0.4771,2.0000,0
3,24,0.0000,1.0000,0
3,25,1.0792,3.7004,0
3,26,0.0000,1.0000,0
3,27,0.0000,1.0000,0
3,28,1.2041,4.0875,0
3,29,0.0000,1.0000,0
3,30,0.3010,1.5850,0
3,31,0.6990,2.5850,0
3,32,0.0000,1.0000,0
3,33,0.0000,1.0000,0
3,34,0.0000,1.0000,0
3,35,0.3010,1.5850,0
3,36,0.3010,1.5850,0
3,37,0.4771,2.0000,0
3,38,0.3010,1.5850,0
3,39,0.3010,1.5850,0
3,40,1.7853,5.9542,0
3,41,0.0000,1.0000,0
3,42,0.3010,1.5850,0
3,43,0.0000,1.0000,0
3,44,545.9538,1813.6192,1
3,45,0.0000,1.0000,0
3,46,0.0000,1.0000,0
3,47,0.0000,1.0000,0
3,48,0.0000,1.0000,0
3,49,0.0000,1.0000,0
3,50,0.0000,1.0000,0
3,51,1.0414,3.5850,0
3,52,0.0000,1.0000,0
3,53,1.1761,4.0000,0
3,54,0.0000,1.0000,0
3,55,0.0000,1.0000,0
3,56,0.0000,1.0000,0
3,57,0.0000,1.0000,0
3,58,0.0000,1.0000,0
3,59,0.6021,2.3219,0
3,60,0.0000,1.0000,0
3,61,0.0000,1.0000,0
3,62,0.4771,2.0000,0
3,63,0.9031,3.1699,0
3,64,0.6990,2.5850,0
3,65,1.3424,4.5236,0
3,66,0.3010,1.5850,0
3,67,0.9542,3.3219,0
3,68,0.0000,1.0000,0
3,69,0.4771,2.0000,0
3,70,0.0000,1.0000,0
3,71,1.6435,5.4919,0
3,72,0.3010,1.5850,0
3,73,0.4771,2.0000,0
3,74,0.3010,1.5850,0
3,75,0.3010,1.5850,0
3,76,0.3010,1.5850,0
3,77,0.0000,1.0000,0
3,78,1.1461,3.9069,0
3,79,0.0000,1.0000,0
3,80,0.6990,2.5850,0
3,81,0.0000,1.0000,0
3,82,0.0000,1.0000,0
3,83,0.0000,1.0000,0
3,84,0.4771,2.0000,0
3,85,0.0000,1.0000,0
3,86,0.0000,1.0000,0
3,87,0.0000,1.0000,0
3,88,0.0000,1.0000,0
3,89,0.3010,1.5850,0
3,90,1.1461,3.9069,0
3,91,0.3010,1.5850,0
3,92,0.0000,1.0000,0
3,93,0.3010,1.5850,0
3,94,0.4771,2.0000,0
3,95,0.4771,2.0000,0
3,96,0.3010,1.5850,0
3,97,0.8451,3.0000,0
3,98,1.2041,4.0875,0
3,99,0.6990,2.5850,0
3,100,0.0000,1.0000,0
3,101,0.0000,1.0000,0
3,102,1.0000,3.4594,0
3,103,0.3010,1.5850,0
3,104,0.4771,2.0000,0
3,105,0.0000,1.0000,0
3,106,0.4771,2.0000,0
3,107,0.6990,2.5850,0
3,108,0.4771,2.0000,0
3,109,0.0000,1.0000,0
3,110,0.3010,1.5850,0
3,111,0.0000,1.0000,0
3,112,0.0000,1.0000,0
3,113,0.8451,3.0000,0
3,114,0.0000,1.0000,0
3,115,0.3010,1.5850,0
3,116,1.9031,6.3399,0
3,117,0.0000,1.0000,0
3,118,0.9031,3.1699,0
3,119,0.0000,1.0000,0
3,120,0.4771,2.0000,0
3,121,0.6021,2.3219,0
3,122,1.5051,5.0444,0
3,123,0.0000,1.0000,0
3,124,0.0000,1.0000,0
3,125,0.3010,1.5850,0
3,126,0.0000,1.0000,0
3,127,0.4771,2.0000,0
3,128,0.0000,1.0000,0
3,129,0.3010,1.5850,0
3,130,0.0000,1.0000,0
3,131,0.3010,1.5850,0
3,132,0.6021,2.3219,0
3,133,0.4771,2.0000,0
3,134,0.4771,2.0000,0
3,135,0.3010,1.5850,0
3,136,1.1761,4.0000,0
3,137,0.0000,1.0000,0
3,138,0.9542,3.3219,0
3,139,0.6990,2.5850,0
3,140,0.0000,1.0000,0
3,141,0.0000,1.0000,0
3,142,0.3010,1.5850,0
3,143,0.9542,3.3219,0
3,144,0.3010,1.5850,0
3,145,0.6021,2.3219,0
3,146,0.3010,1.5850,0
3,147,0.0000,1.0000,0
3,148,0.0000,1.0000,0
3,149,0.3010,1.5850,0
3,150,0.0000,1.0000,0
3,151,0.4771,2.0000,0
3,152,0.7782,2.8074,0
3,153,0.0000,1.0000,0
3,154,0.6021,2.3219,0
3,155,0.7782,2.8074,0
3,156,0.0000,1.0000,0
3,157,2.1584,7.1799,0
3,158,0.8451,3.0000,0
3,159,0.3010,1.5850,0
3,160,0.9031,3.1699,0
3,161,0.0000,1.0000,0
3,162,7341.9542,24389.4439,1
3,163,0.0000,1.0000,0
3,164,0.3010,1.5850,0
3,165,0.4771,2.0000,0
3,166,0.0000,1.0000,0
3,167,0.4771,2.0000,0
3,168,0.0000,1.0000,0
3,169,0.4771,2.0000,0
3,170,1.2553,4.2479,0
3,171,0.0000,1.0000,0
3,172,0.9031,3.1699,0
3,173,0.3010,1.5850,0
3,174,0.0000,1.0000,0
3,175,0.0000,1.0000,0
3,176,0.3010,1.5850,0
3,177,0.0000,1.0000,0
3,178,0.0000,1.0000,0
3,179,1.1139,3.8074,0
3,180,0.7782,2.8074,0
3,181,0.6021,2.3219,0
3,182,0.6990,2.5850,0
3,183,0.0000,1.0000,0
3,184,0.3010,1.5850,0
3,185,0.0000,1.0000,0
3,186,0.0000,1.0000,0
3,187,0.7782,2.8074,0
3,188,0.0000,1.0000,0
3,189,0.3010,1.5850,0
3,190,1.5315,5.1293,0
3,191,0.0000,1.0000,0
3,192,1.2788,4.3219,0
3,193,0.0000,1.0000,0
3,194,1.6128,5.3923,0
3,195,0.0000,1.0000,0
3,196,2.8525,9.4778,0
3,197,0.0000,1.0000,0
3,198,1.4472,4.8580,0
3,199,1.3222,4.4594,0
3,200,0.0000,1.0000,0
3,201,0.7782,2.8074,0
3,202,0.6990,2.5850,0
3,203,0.0000,1.0000,0
3,204,0.0000,1.0000,0
3,205,1.3979,4.7004,0
3,206,0.0000,1.0000,0
3,207,0.0000,1.0000,0
3,208,0.0000,1.0000,0
3,209,1.1461,3.9069,0
3,210,0.0000,1.0000,0
3,211,0.8451,3.0000,0
3,212,0.0000,1.0000,0
3,213,1.4314,4.8074,0
3,214,0.8451,3.0000,0
3,215,0.0000,1.0000,0
3,216,0.0000,1.0000,0
3,217,0.6021,2.3219,0
3,218,0.0000,1.0000,0
3,219,0.6990,2.5850,0
3,220,0.6021,2.3219,0
3,221,0.0000,1.0000,0
3,222,0.0000,1.0000,0
3,223,0.6021,2.3219,0
3,224,0.6990,2.5850,0
3,225,1.0000,3.4594,0
3,226,0.3010,1.5850,0
3,227,0.0000,1.0000,0
3,228,0.3010,1.5850,0
3,229,0.3010,1.5850,0
3,230,0.0000,1.0000,0
3,231,0.0000,1.0000,0
3,232,0.9031,3.1699,0
3,233,0.0000,1.0000,0
3,234,0.4771,2.0000,0
3,235,0.0000,1.0000,0
3,236,1.4472,4.8580,0
3,237,0.6990,2.5850,0
3,238,0.6021,2.3219,0
3,239,0.0000,1.0000,0
3,240,0.9031,3.1699,0
3,241,0.0000,1.0000,0
3,242,1.0000,3.4594,0
3,243,0.0000,1.0000,0
3,244,1.1461,3.9069,0
3,245,0.0000,1.0000,0
3,246,0.3010,1.5850,0
3,247,0.0000,1.0000,0
3,248,0.3010,1.5850,0
3,249,0.0000,1.0000,0
3,250,0.6021,2.3219,0
3,251,1.0792,3.7004,0
3,252,0.0000,1.0000,0
3,253,0.6021,2.3219,0
3,254,1.1139,3.8074,0
3,255,0.8451,3.0000,0
3,256,0.0000,1.0000,0
3,257,0.7782,2.8074,0
3,258,0.0000,1.0000,0
3,259,0.6990,2.5850,0
3,260,0.0000,1.0000,0
3,261,0.0000,1.0000,0
3,262,0.8451,3.0000,0
3,263,1.1761,4.0000,0
3,264,0.0000,1.0000,0
3,265,0.3010,1.5850,0
3,266,0.8451,3.0000,0
3,267,2.3560,7.8329,0
3,268,2.0569,6.8455,0
3,269,0.6021,2.3219,0
3,270,0.7782,2.8074,0
3,271,0.0000,1.0000,0
3,272,0.3010,1.5850,0
3,273,1.8976,6.3219,0
3,274,0.4771,2.0000,0
3,275,0.4771,2.0000,0
3,276,0.0000,1.0000,0
3,277,0.9031,3.1699,0
3,278,0.4771,2.0000,0
3,279,0.0000,1.0000,0
3,280,0.4771,2.0000,0
3,281,0.0000,1.0000,0
3,282,1.4914,5.0000,0
3,283,0.0000,1.0000,0
3,284,0.0000,1.0000,0
3,285,0.0000,1.0000,0
3,286,0.9542,3.3219,0
3,287,0.6990,2.5850,0
3,288,0.0000,1.0000,0
3,289,0.0000,1.0000,0
3,290,0.6021,2.3219,0
3,291,0.0000,1.0000,0
3,292,0.0000,1.0000,0
3,293,0.0000,1.0000,0
3,294,1.0414,3.5850,0
3,295,0.0000,1.0000,0
3,296,1.2304,4.1699,0
3,297,0.6990,2.5850,0
3,298,0.6990,2.5850,0
3,299,0.4771,2.0000,0
3,300,0.0000,1.0000,0
3,301,0.0000,1.0000,0
3,302,0.0000,1.0000,0
3,303,0.0000,1.0000,0
3,304,0.0000,1.0000,0
3,305,0.7782,2.8074,0
3,306,0.0000,1.0000,0
3,307,0.0000,1.0000,0
3,308,0.0000,1.0000,0
3,309,0.7782,2.8074,0
3,310,0.0000,1.0000,0
3,311,0.8451,3.0000,0
3,312,0.0000,1.0000,0
3,313,0.3010,1.5850,0
3,314,0.0000,1.0000,0
3,315,0.0000,1.0000,0
3,316,0.6021,2.3219,0
3,317,0.3010,1.5850,0
3,318,0.3010,1.5850,0
3,319,0.4771,2.0000,0
3,320,0.3010,1.5850,0
3,321,489.7532,1626.9249,1
3,322,0.6990,2.5850,0
3,323,0.6021,2.3219,0
3,324,0.6990,2.5850,0
3,325,0.0000,1.0000,0
3,326,0.0000,1.0000,0
3,327,0.0000,1.0000,0
3,328,0.3010,1.5850,0
3,329,0.3010,1.5850,0
3,330,0.0000,1.0000,0
3,331,0.0000,1.0000,0
3,332,0.6990,2.5850,0
3,333,0.7782,2.8074,0
3,334,0.6021,2.3219,0
3,335,1.7160,5.7279,0
3,336,0.0000,1.0000,0
3,337,0.7782,2.8074,0
3,338,0.6021,2.3219,0
3,339,0.0000,1.0000,0
3,340,0.0000,1.0000,0
3,341,1.8195,6.0661,0
3,342,0.3010,1.5850,0
3,343,0.3010,1.5850,0
3,344,0.0000,1.0000,0
3,345,0.8451,3.0000,0
3,346,0.6021,2.3219,0
3,347,2.0755,6.9069,0
3,348,0.0000,1.0000,0
3,349,0.7782,2.8074,0
3,350,0.0000,1.0000,0
3,351,0.0000,1.0000,0
3,352,0.3010,1.5850,0
3,353,0.6021,2.3219,0
3,354,0.3010,1.5850,0
3,355,0.4771,2.0000,0
3,356,0.0000,1.0000,0
3,357,0.0000,1.0000,0
3,358,0.0000,1.0000,0
3,359,0.3010,1.5850,0
3,360,0.0000,1.0000,0
3,361,1.1139,3.8074,0
3,362,0.0000,1.0000,0
3,363,0.4771,2.0000,0
3,364,0.0000,1.0000,0
3,365,1.3424,4.5236,0
3,366,0.0000,1.0000,0
3,367,0.3010,1.5850,0
3,368,0.0000,1.0000,0
3,369,1.1139,3.8074,0
3,370,2.2856,7.5999,0
3,371,0.0000,1.0000,0
3,372,0.0000,1.0000,0
3,373,0.7782,2.8074,0
3,374,0.0000,1.0000,0
3,375,0.0000,1.0000,0
3,376,0.0000,1.0000,0
3,377,0.3010,1.5850,0
3,378,0.0000,1.0000,0
3,379,0.0000,1.0000,0
3,380,0.9542,3.3219,0
3,381,0.8451,3.0000,0
3,382,0.0000,1.0000,0
3,383,0.0000,1.0000,0
3,384,0.0000,1.0000,0
3,385,1.1139,3.8074,0
3,386,0.3010,1.5850,0
3,387,1.1139,3.8074,0
3,388,0.6990,2.5850,0
3,389,0.3010,1.5850,0
3,390,0.0000,1.0000,0
3,391,0.0000,1.0000,0
3,392,0.6990,2.5850,0
3,393,0.0000,1.0000,0
3,394,0.0000,1.0000,0
3,395,0.0000,1.0000,0
3,396,0.0000,1.0000,0
3,397,0.0000,1.0000,0
3,398,0.9542,3.3219,0
3,399,0.0000,1.0000,0
3,400,1.2788,4.3219,0
3,401,0.0000,1.0000,0
3,402,0.0000,1.0000,0
3,403,0.0000,1.0000,0
3,404,0.0000,1.0000,0
3,405,1.2041,4.0875,0
3,406,1.3617,4.5850,0
3,407,0.0000,1.0000,0
3,408,0.3010,1.5850,0
3,409,1.2788,4.3219,0
3,410,0.9542,3.3219,0
3,411,0.6021,2.3219,0
3,412,0.0000,1.0000,0
3,413,0.3010,1.5850,0
3,414,0.4771,2.0000,0
3,415,0.4771,2.0000,0
3,416,0.3010,1.5850,0
3,417,0.3010,1.5850,0
3,418,0.6021,2.3219,0
3,419,0.8451,3.0000,0
3,420,0.6990,2.5850,0
3,421,0.0000,1.0000,0
3,422,0.0000,1.0000,0
3,423,1.1139,3.8074,0
3,424,0.0000,1.0000,0
3,425,0.3010,1.5850,0
3,426,0.0000,1.0000,0
3,427,0.0000,1.0000,0
3,428,0.6021,2.3219,0
3,429,0.0000,1.0000,0
3,430,0.0000,1.0000,0
3,431,0.0000,1.0000,0
3,432,0.6021,2.3219,0
3,433,0.0000,1.0000,0
3,434,0.9542,3.3219,0
3,435,0.6990,2.5850,0
3,436,0.0000,1.0000,0
3,437,0.0000,1.0000,0
3,438,0.0000,1.0000,0
3,439,0.6990,2.5850,0
3,440,0.7782,2.8074,0
3,441,0.3010,1.5850,0
3,442,0.9542,3.3219,0
3,443,0.3010,1.5850,0
3,444,0.6021,2.3219,0
3,445,0.7782,2.8074,0
3,446,0.0000,1.0000,0
3,447,0.3010,1.5850,0
3,448,0.0000,1.0000,0
3,449,1.8261,6.0875,0
3,450,0.0000,1.0000,0
3,451,0.6021,2.3219,0
3,452,0.0000,1.0000,0
3,453,0.0000,1.0000,0
3,454,1.3802,4.6439,0
3,455,0.0000,1.0000,0
3,456,0.0000,1.0000,0
3,457,1.1139,3.8074,0
3,458,0.0000,1.0000,0
3,459,0.4771,2.0000,0
3,460,1.1761,4.0000,0
3,461,1.3802,4.6439,0
3,462,0.4771,2.0000,0
3,463,1.5185,5.0875,0
3,464,0.3010,1.5850,0
3,465,1.6435,5.4919,0
3,466,0.0000,1.0000,0
3,467,0.9031,3.1699,0
3,468,1.2304,4.1699,0
3,469,0.7782,2.8074,0
3,470,0.0000,1.0000,0
3,471,0.0000,1.0000,0
3,472,0.3010,1.5850,0
3,473,0.0000,1.0000,0
3,474,0.4771,2.0000,0
3,475,0.3010,1.5850,0
3,476,0.0000,1.0000,0
3,477,0.3010,1.5850,0
3,478,1.5911,5.3219,0
3,479,0.0000,1.0000,0
3,480,0.7782,2.8074,0
3,481,0.0000,1.0000,0
3,482,0.9542,3.3219,0
3,483,0.0000,1.0000,0
3,484,0.4771,2.0000,0
3,485,0.0000,1.0000,0
3,486,0.4771,2.0000,0
3,487,0.0000,1.0000,0
4,1,0.3010,1.5850,0
4,2,1.0792,3.7004,0
4,3,0.0000,1.0000,0
4,4,0.6021,2.3219,0
4,5,0.4771,2.0000,0
4,6,1.0792,3.7004,0
4,7,0.0000,1.0000,0
4,8,1.7782,5.9307,0
4,9,0.3010,1.5850,0
4,10,0.3010,1.5850,0
4,11,0.3010,1.5850,0
4,12,0.3010,1.5850,0
4,13,0.0000,1.0000,0
4,14,1.5185,5.0875,0
4,15,0.0000,1.0000,0
4,16,16.6516,55.3153,1
4,17,0.0000,1.0000,0
4,18,0.0000,1.0000,0
4,19,0.0000,1.0000,0
4,20,1.2041,4.0875,0
4,21,0.6021,2.3219,0
4,22,0.3010,1.5850,0
4,23,0.0000,1.0000,0
4,24,0.0000,1.0000,0
4,25,0.0000,1.0000,0
4,26,0.0000,1.0000,0
4,27,0.7782,2.8074,0
4,28,1.2553,4.2479,0
4,29,0.6021,2.3219,0
4,30,1.6721,5.5850,0
4,31,0.0000,1.0000,0
4,32,0.6021,2.3219,0
4,33,0.3010,1.5850,0
4,34,0.4771,2.0000,0
4,35,0.0000,1.0000,0
4,36,0.0000,1.0000,0
4,37,0.4771,2.0000,0
4,38,0.0000,1.0000,0
4,39,1.6812,5.6147,0
4,40,0.0000,1.0000,0
4,41,0.4771,2.0000,0
4,42,0.7782,2.8074,0
4,43,0.0000,1.0000,0
4,44,0.4771,2.0000,0
4,45,0.0000,1.0000,0
4,46,0.0000,1.0000,0
4,47,0.0000,1.0000,0
4,48,0.0000,1.0000,0
4,49,0.0000,1.0000,0
4,50,2.6075,8.6653,0
4,51,0.0000,1.0000,0
4,52,454.8523,1510.9867,1
4,53,0.9031,3.1699,0
4,54,1.9191,6.3923,0
4,55,0.0000,1.0000,0
4,56,1.3424,4.5236,0
4,57,0.6021,2.3219,0
4,58,0.6021,2.3219,0
4,59,0.0000,1.0000,0
4,60,0.3010,1.5850,0
4,61,0.0000,1.0000,0
4,62,0.8451,3.0000,0
4,63,2.7474,9.1293,0
4,64,0.3010,1.5850,0
4,65,1.8129,6.0444,0
4,66,0.0000,1.0000,0
4,67,0.6021,2.3219,0
4,68,1.4472,4.8580,0
4,69,0.3010,1.5850,0
4,70,0.0000,1.0000,0
4,71,0.3010,1.5850,0
4,72,0.6021,2.3219,0
4,73,0.0000,1.0000,0
4,74,0.6021,2.3219,0
4,75,0.0000,1.0000,0
4,76,0.0000,1.0000,0
4,77,0.6021,2.3219,0
4,78,3.0618,10.1724,1
4,79,0.0000,1.0000,0
4,80,0.0000,1.0000,0
4,81,0.3010,1.5850,0
4,82,0.0000,1.0000,0
4,83,0.8451,3.0000,0
4,84,0.3010,1.5850,0
4,85,0.0000,1.0000,0
4,86,0.0000,1.0000,0
4,87,0.6990,2.5850,0
4,88,1.8195,6.0661,0
4,89,0.0000,1.0000,0
4,90,0.3010,1.5850,0
4,91,0.7782,2.8074,0
4,92,0.3010,1.5850,0
4,93,0.0000,1.0000,0
4,94,0.0000,1.0000,0
4,95,0.8451,3.0000,0
4,96,0.3010,1.5850,0
4,97,1.8062,6.0224,0
4,98,0.0000,1.0000,0
4,99,0.0000,1.0000,0
4,100,0.8451,3.0000,0
4,101,0.0000,1.0000,0
4,102,1.1761,4.0000,0
4,103,0.7782,2.8074,0
4,104,0.0000,1.0000,0
4,105,0.0000,1.0000,0
4,106,0.0000,1.0000,0
4,107,1.0792,3.7004,0
4,108,0.0000,1.0000,0
4,109,0.0000,1.0000,0
4,110,0.6021,2.3219,0
4,111,0.0000,1.0000,0
4,112,1.0000,3.4594,0
4,113,0.6021,2.3219,0
4,114,0.4771,2.0000,0
4,115,0.0000,1.0000,0
4,116,1.2788,4.3219,0
4,117,0.6990,2.5850,0
4,118,0.0000,1.0000,0
4,119,0.4771,2.0000,0
4,120,0.3010,1.5850,0
4,121,0.0000,1.0000,0
4,122,0.6990,2.5850,0
4,123,1.0792,3.7004,0
4,124,0.6990,2.5850,0
4,125,1.1139,3.8074,0
4,126,0.4771,2.0000,0
4,127,0.4771,2.0000,0
4,128,1.4150,4.7549,0
4,129,0.3010,1.5850,0
4,130,0.0000,1.0000,0
4,131,0.3010,1.5850,0
4,132,0.3010,1.5850,0
4,133,0.0000,1.0000,0
4,134,0.0000,1.0000,0
4,135,0.0000,1.0000,0
4,136,0.0000,1.0000,0
4,137,0.4771,2.0000,0
4,138,0.3010,1.5850,0
4,139,0.7782,2.8074,0
4,140,1.3424,4.5236,0
4,141,0.0000,1.0000,0
4,142,0.3010,1.5850,0
4,143,0.0000,1.0000,0
4,144,0.3010,1.5850,0
4,145,0.0000,1.0000,0
4,146,0.0000,1.0000,0
4,147,0.9542,3.3219,0
4,148,6186.2497,20550.2768,1
4,149,0.6021,2.3219,0
4,150,1.2788,4.3219,0
4,151,0.0000,1.0000,0
4,152,0.0000,1.0000,0
4,153,1.1761,4.0000,0
4,154,0.3010,1.5850,0
4,155,0.8451,3.0000,0
4,156,0.0000,1.0000,0
4,157,0.8451,3.0000,0
4,158,0.4771,2.0000,0
4,159,0.0000,1.0000,0
4,160,0.0000,1.0000,0
4,161,0.6021,2.3219,0
4,162,0.0000,1.0000,0
4,163,0.0000,1.0000,0
4,164,0.8451,3.0000,0
4,165,0.8451,3.0000,0
4,166,0.3010,1.5850,0
4,167,0.0000,1.0000,0
4,168,0.0000,1.0000,0
4,169,0.3010,1.5850,0
4,170,0.0000,1.0000,0
4,171,0.0000,1.0000,0
4,172,1.0792,3.7004,0
4,173,0.0000,1.0000,0
4,174,0.3010,1.5850,0
4,175,0.0000,1.0000,0
4,176,1.8388,6.1293,0
4,177,0.0000,1.0000,0
4,178,0.4771,2.0000,0
4,179,0.3010,1.5850,0
4,180,0.9542,3.3219,0
4,181,0.6990,2.5850,0
4,182,0.3010,1.5850,0
4,183,1.9138,6.3750,0
4,184,0.3010,1.5850,0
4,185,0.0000,1.0000,0
4,186,0.0000,1.0000,0
4,187,0.6021,2.3219,0
4,188,0.0000,1.0000,0
4,189,0.8451,3.0000,0
4,190,0.0000,1.0000,0
4,191,0.3010,1.5850,0
4,192,0.3010,1.5850,0
4,193,0.6990,2.5850,0
4,194,0.0000,1.0000,0
4,195,1.0792,3.7004,0
4,196,0.4771,2.0000,0
4,197,0.3010,1.5850,0
4,198,0.0000,1.0000,0
4,199,2.4886,8.2715,0
4,200,0.6021,2.3219,0
4,201,0.7782,2.8074,0
4,202,0.0000,1.0000,0
4,203,0.0000,1.0000,0
4,204,0.3010,1.5850,0
4,205,0.3010,1.5850,0
4,206,0.0000,1.0000,0
4,207,1.5911,5.3219,0
4,208,1.2553,4.2479,0
4,209,0.0000,1.0000,0
4,210,0.0000,1.0000,0
4,211,0.4771,2.0000,0
4,212,0.3010,1.5850,0
4,213,0.6990,2.5850,0
4,214,1.1461,3.9069,0
4,215,0.0000,1.0000,0
4,216,0.0000,1.0000,0
4,217,0.3010,1.5850,0
4,218,0.0000,1.0000,0
4,219,0.0000,1.0000,0
4,220,0.9031,3.1699,0
4,221,0.3010,1.5850,0
4,222,1.2553,4.2479,0
4,223,0.3010,1.5850,0
4,224,0.0000,1.0000,0
4,225,2.0294,6.7549,0
4,226,1.0000,3.4594,0
4,227,1.5911,5.3219,0
4,228,0.6021,2.3219,0
4,229,0.3010,1.5850,0
4,230,0.0000,1.0000,0
4,231,0.3010,1.5850,0
4,232,0.0000,1.0000,0
4,233,0.8451,3.0000,0
4,234,0.0000,1.0000,0
4,235,1.4624,4.9069,0
4,236,0.0000,1.0000,0
4,237,0.4771,2.0000,0
4,238,0.0000,1.0000,0
4,239,0.0000,1.0000,0
4,240,0.0000,1.0000,0
4,241,0.0000,1.0000,0
4,242,0.0000,1.0000,0
4,243,0.0000,1.0000,0
4,244,0.9542,3.3219,0
4,245,0.3010,1.5850,0
4,246,0.4771,2.0000,0
4,247,0.0000,1.0000,0
4,248,0.3010,1.5850,0
4,249,0.3010,1.5850,0
4,250,0.0000,1.0000,0
4,251,0.9542,3.3219,0
4,252,0.0000,1.0000,0
4,253,0.4771,2.0000,0
4,254,0.6021,2.3219,0
4,255,0.3010,1.5850,0
4,256,0.3010,1.5850,0
4,257,0.3010,1.5850,0
4,258,0.0000,1.0000,0
4,259,1.4472,4.8580,0
4,260,0.0000,1.0000,0
4,261,0.4771,2.0000,0
4,262,0.0000,1.0000,0
4,263,0.4771,2.0000,0
4,264,0.0000,1.0000,0
4,265,0.3010,1.5850,0
4,266,0.3010,1.5850,0
4,267,0.0000,1.0000,0
4,268,0.0000,1.0000,0
4,269,0.0000,1.0000,0
4,270,0.3010,1.5850,0
4,271,0.3010,1.5850,0
4,272,0.0000,1.0000,0
4,273,0.6990,2.5850,0
4,274,0.6990,2.5850,0
4,275,1.6335,5.4594,0
4,276,0.3010,1.5850,0
4,277,0.6990,2.5850,0
4,278,1.8261,6.0875,0
4,279,0.7782,2.8074,0
4,280,0.6990,2.5850,0
4,281,0.0000,1.0000,0
4,282,0.0000,1.0000,0
4,283,0.8451,3.0000,0
4,284,0.3010,1.5850,0
4,285,0.0000,1.0000,0
4,286,0.6990,2.5850,0
4,287,1.2041,4.0875,0
4,288,0.0000,1.0000,0
4,289,0.4771,2.0000,0
4,290,0.8451,3.0000,0
4,291,0.6021,2.3219,0
4,292,0.0000,1.0000,0
4,293,1.1139,3.8074,0
4,294,0.6990,2.5850,0
4,295,0.0000,1.0000,0
4,296,0.0000,1.0000,0
4,297,0.0000,1.0000,0
4,298,0.6990,2.5850,0
4,299,0.0000,1.0000,0
4,300,0.6990,2.5850,0
4,301,0.0000,1.0000,0
4,302,0.0000,1.0000,0
4,303,0.3010,1.5850,0
4,304,0.4771,2.0000,0
4,305,0.0000,1.0000,0
4,306,0.9031,3.1699,0
4,307,0.6990,2.5850,0
4,308,0.4771,2.0000,0
4,309,0.0000,1.0000,0
4,310,1.0792,3.7004,0
4,311,0.3010,1.5850,0
4,312,0.0000,1.0000,0
4,313,0.3010,1.5850,0
4,314,0.0000,1.0000,0
4,315,0.8451,3.0000,0
4,316,1.0792,3.7004,0
4,317,0.8451,3.0000,0
4,318,0.0000,1.0000,0
4,319,0.3010,1.5850,0
4,320,0.0000,1.0000,0
4,321,0.0000,1.0000,0
4,322,0.0000,1.0000,0
4,323,1.5798,5.2854,0
4,324,0.6021,2.3219,0
4,325,0.3010,1.5850,0
4,326,0.6021,2.3219,0
4,327,0.6990,2.5850,0
4,328,0.0000,1.0000,0
4,329,0.0000,1.0000,0
4,330,0.6021,2.3219,0
4,331,376.5650,1250.9218,1
4,332,2.3729,7.8887,0
4,333,0.0000,1.0000,0
4,334,0.3010,1.5850,0
4,335,0.6990,2.5850,0
4,336,0.6021,2.3219,0
4,337,1.0414,3.5850,0
4,338,0.0000,1.0000,0
4,339,0.0000,1.0000,0
4,340,0.0000,1.0000,0
4,341,0.0000,1.0000,0
4,342,1.9085,6.3576,0
4,343,0.3010,1.5850,0
4,344,0.3010,1.5850,0
4,345,0.4771,2.0000,0
4,346,0.0000,1.0000,0
4,347,0.6021,2.3219,0
4,348,0.0000,1.0000,0
4,349,0.8451,3.0000,0
4,350,0.0000,1.0000,0
4,351,0.0000,1.0000,0
4,352,0.0000,1.0000,0
4,353,1.7076,5.7004,0
4,354,0.0000,1.0000,0
4,355,1.0000,3.4594,0
4,356,0.0000,1.0000,0
4,357,0.6021,2.3219,0
4,358,0.0000,1.0000,0
4,359,0.3010,1.5850,0
4,360,0.6021,2.3219,0
4,361,0.9542,3.3219,0
4,362,1.4314,4.8074,0
4,363,0.0000,1.0000,0
4,364,0.0000,1.0000,0
4,365,0.6021,2.3219,0
4,366,1.2553,4.2479,0
4,367,0.0000,1.0000,0
4,368,0.6021,2.3219,0
4,369,0.0000,1.0000,0
4,370,1.0414,3.5850,0
4,371,0.0000,1.0000,0
4,372,0.3010,1.5850,0
4,373,0.3010,1.5850,0
4,374,0.0000,1.0000,0
4,375,0.4771,2.0000,0
4,376,1.2041,4.0875,0
4,377,0.0000,1.0000,0
4,378,0.9542,3.3219,0
4,379,0.0000,1.0000,0
4,380,0.6990,2.5850,0
4,381,0.3010,1.5850,0
4,382,0.0000,1.0000,0
4,383,0.7782,2.8074,0
4,384,0.0000,1.0000,0
4,385,0.0000,1.0000,0
4,386,0.0000,1.0000,0
4,387,1.2041,4.0875,0
4,388,0.3010,1.5850,0
4,389,0.6021,2.3219,0
4,390,0.0000,1.0000,0
4,391,1.0792,3.7004,0
4,392,1.1761,4.0000,0
4,393,0.0000,1.0000,0
4,394,0.9542,3.3219,0
4,395,0.0000,1.0000,0
4,396,2.7443,9.1189,0
4,397,0.6021,2.3219,0
4,398,0.0000,1.0000,0
4,399,0.6021,2.3219,0
4,400,0.0000,1.0000,0
4,401,0.6021,2.3219,0
4,402,0.0000,1.0000,0
4,403,2.1004,6.9887,0
4,404,0.8451,3.0000,0
4,405,0.0000,1.0000,0
4,406,0.0000,1.0000,0
4,407,0.0000,1.0000,0
4,408,0.0000,1.0000,0
4,409,0.3010,1.5850,0
4,410,0.0000,1.0000,0
4,411,0.3010,1.5850,0
4,412,0.0000,1.0000,0
4,413,0.3010,1.5850,0
4,414,0.0000,1.0000,0
4,415,0.0000,1.0000,0
4,416,0.0000,1.0000,0
4,417,1.2041,4.0875,0
4,418,1.3979,4.7004,0
4,419,0.0000,1.0000,0
4,420,0.0000,1.0000,0
4,421,0.3010,1.5850,0
4,422,0.8451,3.0000,0
4,423,0.7782,2.8074,0
4,424,0.0000,1.0000,0
4,425,0.0000,1.0000,0
4,426,0.0000,1.0000,0
4,427,0.0000,1.0000,0
4,428,0.0000,1.0000,0
4,429,0.0000,1.0000,0
4,430,0.3010,1.5850,0
4,431,0.3010,1.5850,0
4,432,0.0000,1.0000,0
4,433,0.3010,1.5850,0
4,434,0.3010,1.5850,0
4,435,0.0000,1.0000,0
4,436,0.9542,3.3219,0
4,437,0.0000,1.0000,0
4,438,0.6990,2.5850,0
4,439,0.6990,2.5850,0
4,440,0.4771,2.0000,0
4,441,0.9542,3.3219,0
4,442,0.4771,2.0000,0
4,443,0.0000,1.0000,0
4,444,0.6990,2.5850,0
4,445,0.6021,2.3219,0
4,446,0.3010,1.5850,0
4,447,0.4771,2.0000,0
4,448,0.0000,1.0000,0
4,449,1.2553,4.2479,0
4,450,0.0000,1.0000,0
4,451,0.0000,1.0000,0
4,452,0.3010,1.5850,0
4,453,0.0000,1.0000,0
4,454,1.1139,3.8074,0
4,455,1.0000,3.4594,0
4,456,0.4771,2.0000,0
4,457,0.0000,1.0000,0
4,458,1.2553,4.2479,0
4,459,0.6990,2.5850,0
4,460,0.0000,1.0000,0
4,461,0.0000,1.0000,0
4,462,0.9031,3.1699,0
4,463,0.0000,1.0000,0
4,464,0.3010,1.5850,0
4,465,0.0000,1.0000,0
4,466,0.3010,1.5850,0
4,467,1.0414,3.5850,0
4,468,0.4771,2.0000,0
4,469,0.0000,1.0000,0
4,470,0.3010,1.5850,0
4,471,0.0000,1.0000,0
4,472,0.0000,1.0000,0
4,473,0.0000,1.0000,0
4,474,0.4771,2.0000,0
4,475,0.3010,1.5850,0
4,476,0.3010,1.5850,0
4,477,1.2304,4.1699,0
4,478,0.4771,2.0000,0
4,479,1.1139,3.8074,0
4,480,0.0000,1.0000,0
4,481,1.4624,4.9069,0
4,482,0.0000,1.0000,0
4,483,0.3010,1.5850,0
4,484,0.6021,2.3219,0
4,485,0.3010,1.5850,0
4,486,0.0000,1.0000,0
4,487,0.0000,1.0000,0
4,488,0.9031,3.1699,0
4,489,0.4771,2.0000,0
4,490,0.0000,1.0000,0
4,491,0.3010,1.5850,0
4,492,0.0000,1.0000,0
4,493,0.0000,1.0000,0
4,494,0.3010,1.5850,0
4,495,1.2788,4.3219,0
4,496,0.0000,1.0000,0
4,497,0.4771,2.0000,0
4,498,1.6990,5.6724,0
4,499,0.8451,3.0000,0
4,500,1.1461,3.9069,0
4,501,0.3010,1.5850,0
4,502,0.3010,1.5850,0
4,503,1.6990,5.6724,0
4,504,0.3010,1.5850,0
4,505,1.0000,3.4594,0
4,506,0.0000,1.0000,0
4,507,0.0000,1.0000,0
4,508,1.1461,3.9069,0
4,509,0.4771,2.0000,0
4,510,1.2304,4.1699,0
4,511,0.4771,2.0000,0
4,512,0.4771,2.0000,0
4,513,0.0000,1.0000,0
4,514,0.9031,3.1699,0
5,1,0.0000,1.0000,0
5,2,0.0000,1.0000,0
5,3,1.3802,4.6439,0
5,4,0.8451,3.0000,0
5,5,0.0000,1.0000,0
5,6,1.3802,4.6439,0
5,7,0.3010,1.5850,0
5,8,1.6721,5.5850,0
5,9,0.0000,1.0000,0
5,10,0.0000,1.0000,0
5,11,0.3010,1.5850,0
5,12,0.0000,1.0000,0
5,13,1.0414,3.5850,0
5,14,0.0000,1.0000,0
5,15,0.7782,2.8074,0
5,16,0.4771,2.0000,0
5,17,0.6990,2.5850,0
5,18,11.0283,36.6351,1
5,19,0.0000,1.0000,0
5,20,0.6021,2.3219,0
5,21,1.4150,4.7549,0
5,22,0.8451,3.0000,0
5,23,1.1139,3.8074,0
5,24,1.3802,4.6439,0
5,25,0.8451,3.0000,0
5,26,0.0000,1.0000,0
5,27,1.3222,4.4594,0
5,28,0.0000,1.0000,0
5,29,0.0000,1.0000,0
5,30,0.0000,1.0000,0
5,31,0.4771,2.0000,0
5,32,0.0000,1.0000,0
5,33,0.6021,2.3219,0
5,34,1.5185,5.0875,0
5,35,0.0000,1.0000,0
5,36,0.0000,1.0000,0
5,37,0.0000,1.0000,0
5,38,1.2041,4.0875,0
5,39,0.0000,1.0000,0
5,40,0.6990,2.5850,0
5,41,1.0414,3.5850,0
5,42,0.0000,1.0000,0
5,43,0.3010,1.5850,0
5,44,0.3010,1.5850,0
5,45,0.0000,1.0000,0
5,46,0.3010,1.5850,0
5,47,0.0000,1.0000,0
5,48,0.0000,1.0000,0
5,49,1.6335,5.4594,0
5,50,0.9031,3.1699,0
5,51,0.0000,1.0000,0
5,52,0.4771,2.0000,0
5,53,2.0294,6.7549,0
5,54,0.0000,1.0000,0
5,55,0.0000,1.0000,0
5,56,377.0440,1252.5130,1
5,57,1.0000,3.4594,0
5,58,0.0000,1.0000,0
5,59,0.0000,1.0000,0
5,60,1.2041,4.0875,0
5,61,1.1139,3.8074,0
5,62,1.2788,4.3219,0
5,63,1.7782,5.9307,0
5,64,0.9542,3.3219,0
5,65,0.0000,1.0000,0
5,66,0.8451,3.0000,0
5,67,0.9031,3.1699,0
5,68,0.0000,1.0000,0
5,69,0.6990,2.5850,0
5,70,0.0000,1.0000,0
5,71,0.0000,1.0000,0
5,72,0.4771,2.0000,0
5,73,0.3010,1.5850,0
5,74,0.0000,1.0000,0
5,75,0.0000,1.0000,0
5,76,0.0000,1.0000,0
5,77,0.3010,1.5850,0
5,78,0.0000,1.0000,0
5,79,0.3010,1.5850,0
5,80,0.0000,1.0000,0
5,81,0.3010,1.5850,0
5,82,1.5315,5.1293,0
5,83,0.0000,1.0000,0
5,84,0.9031,3.1699,0
5,85,1.1139,3.8074,0
5,86,0.3010,1.5850,0
5,87,0.3010,1.5850,0
5,88,0.0000,1.0000,0
5,89,0.6990,2.5850,0
5,90,0.0000,1.0000,0
5,91,1.2041,4.0875,0
5,92,0.0000,1.0000,0
5,93,0.3010,1.5850,0
5,94,0.6021,2.3219,0
5,95,0.0000,1.0000,0
5,96,1.2788,4.3219,0
5,97,0.0000,1.0000,0
5,98,0.0000,1.0000,0
5,99,0.0000,1.0000,0
5,100,0.9542,3.3219,0
5,101,0.0000,1.0000,0
5,102,0.0000,1.0000,0
5,103,0.3010,1.5850,0
5,104,0.0000,1.0000,0
5,105,0.0000,1.0000,0
5,106,0.6021,2.3219,0
5,107,0.0000,1.0000,0
5,108,0.0000,1.0000,0
5,109,0.0000,1.0000,0
5,110,0.6021,2.3219,0
5,111,0.0000,1.0000,0
5,112,0.4771,2.0000,0
5,113,0.3010,1.5850,0
5,114,0.0000,1.0000,0
5,115,0.4771,2.0000,0
5,116,0.0000,1.0000,0
5,117,0.3010,1.5850,0
5,118,0.3010,1.5850,0
5,119,0.0000,1.0000,0
5,120,0.0000,1.0000,0
5,121,1.3222,4.4594,0
5,122,0.3010,1.5850,0
5,123,0.9542,3.3219,0
5,124,0.0000,1.0000,0
5,125,0.7782,2.8074,0
5,126,1.0792,3.7004,0
5,127,0.0000,1.0000,0
5,128,0.4771,2.0000,0
5,129,0.0000,1.0000,0
5,130,0.6021,2.3219,0
5,131,0.0000,1.0000,0
5,132,0.3010,1.5850,0
5,133,0.3010,1.5850,0
5,134,0.0000,1.0000,0
5,135,0.0000,1.0000,0
5,136,1.7924,5.9773,0
5,137,0.3010,1.5850,0
5,138,0.8451,3.0000,0
5,139,0.6021,2.3219,0
5,140,0.4771,2.0000,0
5,141,0.0000,1.0000,0
5,142,0.0000,1.0000,0
5,143,0.4771,2.0000,0
5,144,0.7782,2.8074,0
5,145,0.0000,1.0000,0
5,146,1.1461,3.9069,0
5,147,0.9031,3.1699,0
5,148,1.1461,3.9069,0
5,149,1.0414,3.5850,0
5,150,0.0000,1.0000,0
5,151,0.6990,2.5850,0
5,152,0.3010,1.5850,0
5,153,0.3010,1.5850,0
5,154,0.4771,2.0000,0
5,155,0.0000,1.0000,0
5,156,0.4771,2.0000,0
5,157,0.0000,1.0000,0
5,158,0.3010,1.5850,0
5,159,0.4771,2.0000,0
5,160,1.0414,3.5850,0
5,161,0.0000,1.0000,0
5,162,0.0000,1.0000,0
5,163,0.7782,2.8074,0
5,164,0.3010,1.5850,0
5,165,0.3010,1.5850,0
5,166,0.3010,1.5850,0
5,167,0.0000,1.0000,0
5,168,0.3010,1.5850,0
5,169,0.6021,2.3219,0
5,170,0.0000,1.0000,0
5,171,0.0000,1.0000,0
5,172,0.0000,1.0000,0
5,173,0.3010,1.5850,0
5,174,0.3010,1.5850,0
5,175,0.4771,2.0000,0
5,176,0.0000,1.0000,0
5,177,0.8451,3.0000,0
5,178,5265.0456,17490.1028,1
5,179,0.0000,1.0000,0
5,180,0.9542,3.3219,0
5,181,0.0000,1.0000,0
5,182,0.4771,2.0000,0
5,183,0.6990,2.5850,0
5,184,0.6021,2.3219,0
5,185,0.0000,1.0000,0
5,186,0.3010,1.5850,0
5,187,1.3222,4.4594,0
5,188,0.0000,1.0000,0
5,189,0.6021,2.3219,0
5,190,0.0000,1.0000,0
5,191,0.0000,1.0000,0
5,192,0.4771,2.0000,0
5,193,0.3010,1.5850,0
5,194,0.7782,2.8074,0
5,195,0.0000,1.0000,0
5,196,0.0000,1.0000,0
5,197,0.0000,1.0000,0
5,198,0.0000,1.0000,0
5,199,0.0000,1.0000,0
5,200,0.0000,1.0000,0
5,201,0.0000,1.0000,0
5,202,0.3010,1.5850,0
5,203,0.3010,1.5850,0
5,204,1.7709,5.9069,0
5,205,0.6990,2.5850,0
5,206,0.3010,1.5850,0
5,207,0.0000,1.0000,0
5,208,0.4771,2.0000,0
5,209,0.6021,2.3219,0
5,210,0.0000,1.0000,0
5,211,0.8451,3.0000,0
5,212,0.3010,1.5850,0
5,213,0.3010,1.5850,0
5,214,0.6990,2.5850,0
5,215,0.0000,1.0000,0
5,216,0.4771,2.0000,0
5,217,0.0000,1.0000,0
5,218,1.0000,3.4594,0
5,219,0.0000,1.0000,0
5,220,0.0000,1.0000,0
5,221,1.0792,3.7004,0
5,222,0.0000,1.0000,0
5,223,1.0792,3.7004,0
5,224,0.9031,3.1699,0
5,225,0.3010,1.5850,0
5,226,0.0000,1.0000,0
5,227,0.7782,2.8074,0
5,228,0.9542,3.3219,0
5,229,0.3010,1.5850,0
5,230,1.5441,5.1699,0
5,231,0.3010,1.5850,0
5,232,0.0000,1.0000,0
5,233,0.6021,2.3219,0
5,234,2.1173,7.0444,0
5,235,0.0000,1.0000,0
5,236,0.0000,1.0000,0
5,237,0.0000,1.0000,0
5,238,0.3010,1.5850,0
5,239,0.9031,3.1699,0
5,240,0.9542,3.3219,0
5,241,1.7782,5.9307,0
5,242,1.5798,5.2854,0
5,243,0.3010,1.5850,0
5,244,0.0000,1.0000,0
5,245,0.0000,1.0000,0
5,246,0.3010,1.5850,0
5,247,0.0000,1.0000,0
5,248,0.3010,1.5850,0
5,249,0.3010,1.5850,0
5,250,0.0000,1.0000,0
5,251,0.4771,2.0000,0
5,252,0.3010,1.5850,0
5,253,0.4771,2.0000,0
5,254,1.0792,3.7004,0
5,255,0.4771,2.0000,0
5,256,0.0000,1.0000,0
5,257,1.8573,6.1898,0
5,258,0.3010,1.5850,0
5,259,0.0000,1.0000,0
5,260,0.9031,3.1699,0
5,261,0.3010,1.5850,0
5,262,0.4771,2.0000,0
5,263,0.0000,1.0000,0
5,264,0.0000,1.0000,0
5,265,0.0000,1.0000,0
5,266,0.0000,1.0000,0
5,267,1.3222,4.4594,0
5,268,0.3010,1.5850,0
5,269,0.4771,2.0000,0
5,270,0.4771,2.0000,0
5,271,0.0000,1.0000,0
5,272,0.0000,1.0000,0
5,273,0.3010,1.5850,0
5,274,0.0000,1.0000,0
5,275,0.0000,1.0000,0
5,276,0.3010,1.5850,0
5,277,0.0000,1.0000,0
5,278,0.0000,1.0000,0
5,279,0.0000,1.0000,0
5,280,0.0000,1.0000,0
5,281,0.7782,2.8074,0
5,282,0.4771,2.0000,0
5,283,0.0000,1.0000,0
5,284,0.4771,2.0000,0
5,285,0.0000,1.0000,0
5,286,0.6990,2.5850,0
5,287,1.3979,4.7004,0
5,288,0.0000,1.0000,0
5,289,0.0000,1.0000,0
5,290,0.0000,1.0000,0
5,291,0.0000,1.0000,0
5,292,0.6990,2.5850,0
5,293,0.0000,1.0000,0
5,294,0.6021,2.3219,0
5,295,0.0000,1.0000,0
5,296,0.6990,2.5850,0
5,297,0.7782,2.8074,0
5,298,0.0000,1.0000,0
5,299,1.1139,3.8074,0
5,300,0.6021,2.3219,0
5,301,0.6990,2.5850,0
5,302,0.7782,2.8074,0
5,303,0.8451,3.0000,0
5,304,0.3010,1.5850,0
5,305,0.6021,2.3219,0
5,306,0.0000,1.0000,0
5,307,0.6021,2.3219,0
5,308,0.0000,1.0000,0
5,309,0.0000,1.0000,0
5,310,0.0000,1.0000,0
5,311,0.3010,1.5850,0
5,312,0.9031,3.1699,0
5,313,0.0000,1.0000,0
5,314,0.7782,2.8074,0
5,315,0.8451,3.0000,0
5,316,0.0000,1.0000,0
5,317,1.3979,4.7004,0
5,318,0.9031,3.1699,0
5,319,0.6990,2.5850,0
5,320,0.4771,2.0000,0
5,321,0.4771,2.0000,0
5,322,0.0000,1.0000,0
5,323,0.8451,3.0000,0
5,324,0.3010,1.5850,0
5,325,2.0719,6.8948,0
5,326,0.0000,1.0000,0
5,327,2.0294,6.7549,0
5,328,0.3010,1.5850,0
5,329,1.1461,3.9069,0
5,330,0.3010,1.5850,0
5,331,0.0000,1.0000,0
5,332,0.3010,1.5850,0
5,333,0.6990,2.5850,0
5,334,0.4771,2.0000,0
5,335,0.0000,1.0000,0
5,336,0.3010,1.5850,0
5,337,0.0000,1.0000,0
5,338,0.0000,1.0000,0
5,339,0.4771,2.0000,0
5,340,0.0000,1.0000,0
5,341,0.7782,2.8074,0
5,342,0.3010,1.5850,0
5,343,1.0000,3.4594,0
5,344,0.0000,1.0000,0
5,345,0.0000,1.0000,0
5,346,0.6990,2.5850,0
5,347,0.0000,1.0000,0
5,348,0.8451,3.0000,0
5,349,0.7782,2.8074,0
5,350,0.4771,2.0000,0
5,351,0.4771,2.0000,0
5,352,0.0000,1.0000,0
5,353,0.0000,1.0000,0
5,354,0.6990,2.5850,0
5,355,0.3010,1.5850,0
5,356,1.1139,3.8074,0
5,357,0.3010,1.5850,0
5,358,2.4683,8.2046,0
5,359,0.4771,2.0000,0
5,360,1.5185,5.0875,0
5,361,0.9542,3.3219,0
5,362,0.0000,1.0000,0
5,363,0.0000,1.0000,0
5,364,0.8451,3.0000,0
5,365,0.4771,2.0000,0
5,366,0.3010,1.5850,0
5,367,0.0000,1.0000,0
5,368,0.9542,3.3219,0
5,369,0.6021,2.3219,0
5,370,0.0000,1.0000,0
5,371,0.6990,2.5850,0
5,372,0.0000,1.0000,0
5,373,0.6021,2.3219,0
5,374,0.0000,1.0000,0
5,375,1.3010,4.3923,0
5,376,0.0000,1.0000,0
5,377,0.0000,1.0000,0
5,378,0.3010,1.5850,0
5,379,0.0000,1.0000,0
5,380,0.3010,1.5850,0
5,381,0.4771,2.0000,0
5,382,0.0000,1.0000,0
5,383,0.3010,1.5850,0
5,384,0.0000,1.0000,0
5,385,1.6902,5.6439,0
5,386,0.6021,2.3219,0
5,387,276.9519,920.0144,1
5,388,0.0000,1.0000,0
5,389,0.9031,3.1699,0
5,390,0.0000,1.0000,0
5,391,0.0000,1.0000,0
5,392,0.3010,1.5850,0
5,393,0.0000,1.0000,0
5,394,0.6990,2.5850,0
5,395,0.3010,1.5850,0
5,396,0.0000,1.0000,0
5,397,0.0000,1.0000,0
5,398,0.0000,1.0000,0
5,399,1.3617,4.5850,0
5,400,0.0000,1.0000,0
5,401,2.0792,6.9189,0
5,402,0.6021,2.3219,0
5,403,0.0000,1.0000,0
5,404,0.0000,1.0000,0
5,405,0.0000,1.0000,0
5,406,0.3010,1.5850,0
5,407,1.2041,4.0875,0
5,408,0.4771,2.0000,0
5,409,0.0000,1.0000,0
5,410,0.8451,3.0000,0
5,411,0.7782,2.8074,0
5,412,0.3010,1.5850,0
5,413,0.3010,1.5850,0
5,414,0.3010,1.5850,0
5,415,0.0000,1.0000,0
5,416,0.0000,1.0000,0
5,417,0.3010,1.5850,0
5,418,1.1761,4.0000,0
5,419,0.3010,1.5850,0
5,420,0.0000,1.0000,0
5,421,0.3010,1.5850,0
5,422,1.0792,3.7004,0
5,423,0.0000,1.0000,0
5,424,0.3010,1.5850,0
5,425,0.3010,1.5850,0
5,426,1.2041,4.0875,0
5,427,0.3010,1.5850,0
5,428,0.0000,1.0000,0
5,429,0.0000,1.0000,0
5,430,1.0414,3.5850,0
5,431,0.0000,1.0000,0
5,432,1.0000,3.4594,0
5,433,0.0000,1.0000,0
5,434,0.0000,1.0000,0
5,435,0.0000,1.0000,0
5,436,1.0414,3.5850,0
5,437,0.6990,2.5850,0
5,438,0.6990,2.5850,0
5,439,0.6990,2.5850,0
5,440,1.2041,4.0875,0
5,441,0.0000,1.0000,0
5,442,1.1139,3.8074,0
5,443,1.0792,3.7004,0
5,444,0.3010,1.5850,0
5,445,0.0000,1.0000,0
5,446,0.4771,2.0000,0
5,447,0.3010,1.5850,0
5,448,0.6990,2.5850,0
5,449,0.0000,1.0000,0
5,450,0.4771,2.0000,0
5,451,0.0000,1.0000,0
5,452,0.8451,3.0000,0
5,453,0.0000,1.0000,0
5,454,0.0000,1.0000,0
5,455,0.0000,1.0000,0
5,456,1.0414,3.5850,0
5,457,2.1367,7.1085,0
5,458,0.3010,1.5850,0
5,459,0.0000,1.0000,0
5,460,0.0000,1.0000,0
5,461,0.9542,3.3219,0
5,462,0.0000,1.0000,0
5,463,0.0000,1.0000,0
5,464,0.6990,2.5850,0
5,465,0.3010,1.5850,0
5,466,0.3010,1.5850,0
5,467,0.7782,2.8074,0
5,468,0.0000,1.0000,0
5,469,1.2304,4.1699,0
5,470,0.6990,2.5850,0
5,471,0.3010,1.5850,0
5,472,0.6021,2.3219,0
5,473,0.0000,1.0000,0
5,474,0.0000,1.0000,0
5,475,0.3010,1.5850,0
5,476,0.3010,1.5850,0
5,477,0.4771,2.0000,0
5,478,0.6021,2.3219,0
5,479,0.0000,1.0000,0
5,480,1.2553,4.2479,0
5,481,0.0000,1.0000,0
5,482,0.0000,1.0000,0
5,483,0.0000,1.0000,0
5,484,0.0000,1.0000,0
5,485,0.4771,2.0000,0
5,486,0.4771,2.0000,0
5,487,0.6021,2.3219,0
5,488,0.6990,2.5850,0
5,489,0.4771,2.0000,0
5,490,0.0000,1.0000,0
5,491,0.3010,1.5850,0
5,492,0.0000,1.0000,0
5,493,0.4771,2.0000,0
5,494,0.0000,1.0000,0
5,495,0.0000,1.0000,0
5,496,0.9031,3.1699,0
5,497,0.6021,2.3219,0
5,498,1.7559,5.8580,0
5,499,1.7160,5.7279,0
5,500,0.0000,1.0000,0
5,501,0.9031,3.1699,0
5,502,0.0000,1.0000,0
5,503,1.3222,4.4594,0
5,504,0.0000,1.0000,0
5,505,0.6021,2.3219,0
5,506,0.3010,1.5850,0
5,507,0.0000,1.0000,0
5,508,0.6021,2.3219,0
5,509,0.0000,1.0000,0
5,510,2.2625,7.5236,0
5,511,0.0000,1.0000,0
5,512,0.3010,1.5850,0
5,513,0.4771,2.0000,0
5,514,0.8451,3.0000,0
5,515,0.6021,2.3219,0
5,516,0.6990,2.5850,0
5,517,1.2304,4.1699,0
5,518,1.0792,3.7004,0
5,519,0.0000,1.0000,0
5,520,1.0792,3.7004,0
5,521,0.0000,1.0000,0
5,522,0.3010,1.5850,0
5,523,0.0000,1.0000,0
5,524,0.0000,1.0000,0
5,525,0.3010,1.5850,0
5,526,0.4771,2.0000,0
5,527,0.0000,1.0000,0
5,528,0.0000,1.0000,0
5,529,0.0000,1.0000,0
5,530,0.0000,1.0000,0
5,531,0.0000,1.0000,0
5,532,0.3010,1.5850,0
5,533,0.6021,2.3219,0
5,534,0.4771,2.0000,0
5,535,0.0000,1.0000,0
5,536,0.3010,1.5850,0
5,537,0.4771,2.0000,0
5,538,0.3010,1.5850,0
5,539,0.0000,1.0000,0
5,540,0.4771,2.0000,0
5,541,0.4771,2.0000,0
5,542,0.3010,1.5850,0
5,543,0.0000,1.0000,0
5,544,0.3010,1.5850,0
5,545,0.0000,1.0000,0
5,546,0.3010,1.5850,0
5,547,0.0000,1.0000,0
5,548,0.4771,2.0000,0
5,549,0.0000,1.0000,0
5,550,0.0000,1.0000,0
5,551,0.7782,2.8074,0
5,552,0.7782,2.8074,0
5,553,0.4771,2.0000,0
5,554,0.0000,1.0000,0
5,555,0.4771,2.0000,0
5,556,1.1139,3.8074,0
5,557,0.0000,1.0000,0
5,558,0.6021,2.3219,0
5,559,0.0000,1.0000,0
5,560,0.3010,1.5850,0
5,561,0.0000,1.0000,0
5,562,0.4771,2.0000,0
5,563,0.4771,2.0000,0
5,564,0.3010,1.5850,0
5,565,0.3010,1.5850,0
5,566,0.0000,1.0000,0
5,567,0.0000,1.0000,0
5,568,0.3010,1.5850,0
5,569,0.3010,1.5850,0
5,570,0.3010,1.5850,0
5,571,0.4771,2.0000,0
5,572,0.0000,1.0000,0
5,573,0.3010,1.5850,0
5,574,0.6021,2.3219,0
5,575,1.9777,6.5850,0
5,576,0.0000,1.0000,0
5,577,0.7782,2.8074,0
5,578,2.5250,8.3923,0
5,579,0.0000,1.0000,0
5,580,0.0000,1.0000,0
5,581,0.3010,1.5850,0
5,582,0.0000,1.0000,0
5,583,0.7782,2.8074,0
5,584,0.8451,3.0000,0
5,585,1.7324,5.7814,0
5,586,0.0000,1.0000,0
5,587,1.0000,3.4594,0
5,588,0.3010,1.5850,0
5,589,0.0000,1.0000,0
5,590,0.0000,1.0000,0
5,591,0.3010,1.5850,0
5,592,0.0000,1.0000,0
5,593,0.0000,1.0000,0
5,594,0.0000,1.0000,0
5,595,0.3010,1.5850,0
5,596,0.3010,1.5850,0
5,597,0.0000,1.0000,0
5,598,0.6021,2.3219,0
5,599,0.3010,1.5850,0
5,600,0.4771,2.0000,0
5,601,0.6021,2.3219,0
5,602,0.9031,3.1699,0
5,603,0.0000,1.0000,0
5,604,0.4771,2.0000,0
5,605,0.0000,1.0000,0
5,606,0.6990,2.5850,0
5,607,0.0000,1.0000,0
5,608,0.6990,2.5850,0
5,609,0.6021,2.3219,0
5,610,0.0000,1.0000,0
5,611,0.0000,1.0000,0
5,612,1.2304,4.1699,0
5,613,0.3010,1.5850,0
6,1,0.0000,1.0000,0
6,2,0.0000,1.0000,0
6,3,0.0000,1.0000,0
6,4,0.0000,1.0000,0
6,5,0.3010,1.5850,0
6,6,0.0000,1.0000,0
6,7,0.3010,1.5850,0
6,8,0.7782,2.8074,0
6,9,0.4771,2.0000,0
6,10,0.4771,2.0000,0
6,11,3.1889,10.5943,1
6,12,0.0000,1.0000,0
6,13,0.0000,1.0000,0
6,14,0.0000,1.0000,0
6,15,0.0000,1.0000,0
6,16,0.3010,1.5850,0
6,17,0.4771,2.0000,0
6,18,0.6990,2.5850,0
6,19,0.4771,2.0000,0
6,20,1.4472,4.8580,0
6,21,0.0000,1.0000,0
6,22,4.9490,16.4402,1
6,23,0.0000,1.0000,0
6,24,1.0000,3.4594,0
6,25,0.6990,2.5850,0
6,26,0.4771,2.0000,0
6,27,0.0000,1.0000,0
6,28,0.6021,2.3219,0
6,29,0.3010,1.5850,0
6,30,0.0000,1.0000,0
6,31,0.0000,1.0000,0
6,32,1.2304,4.1699,0
6,33,0.0000,1.0000,0
6,34,0.6990,2.5850,0
6,35,0.3010,1.5850,0
6,36,0.7782,2.8074,0
6,37,0.0000,1.0000,0
6,38,0.4771,2.0000,0
6,39,0.0000,1.0000,0
6,40,0.0000,1.0000,0
6,41,0.7782,2.8074,0
6,42,0.9031,3.1699,0
6,43,0.0000,1.0000,0
6,44,1.0414,3.5850,0
6,45,0.6990,2.5850,0
6,46,0.4771,2.0000,0
6,47,0.3010,1.5850,0
6,48,0.0000,1.0000,0
6,49,0.0000,1.0000,0
6,50,0.0000,1.0000,0
6,51,0.0000,1.0000,0
6,52,0.0000,1.0000,0
6,53,0.8451,3.0000,0
6,54,1.4150,4.7549,0
6,55,1.3222,4.4594,0
6,56,1.4150,4.7549,0
6,57,0.0000,1.0000,0
6,58,0.3010,1.5850,0
6,59,0.3010,1.5850,0
6,60,0.0000,1.0000,0
6,61,0.0000,1.0000,0
6,62,0.0000,1.0000,0
6,63,0.8451,3.0000,0
6,64,0.0000,1.0000,0
6,65,0.0000,1.0000,0
6,66,0.4771,2.0000,0
6,67,1.6021,5.3576,0
6,68,0.0000,1.0000,0
6,69,0.0000,1.0000,0
6,70,0.8451,3.0000,0
6,71,0.6021,2.3219,0
6,72,319.9538,1062.8634,1
6,73,0.0000,1.0000,0
6,74,0.0000,1.0000,0
6,75,0.0000,1.0000,0
6,76,0.0000,1.0000,0
6,77,0.4771,2.0000,0
6,78,0.0000,1.0000,0
6,79,0.3010,1.5850,0
6,80,1.3010,4.3923,0
6,81,0.6021,2.3219,0
6,82,0.0000,1.0000,0
6,83,0.8451,3.0000,0
6,84,0.4771,2.0000,0
6,85,0.0000,1.0000,0
6,86,0.0000,1.0000,0
6,87,1.6721,5.5850,0
6,88,0.0000,1.0000,0
6,89,1.0000,3.4594,0
6,90,0.0000,1.0000,0
6,91,0.9542,3.3219,0
6,92,0.0000,1.0000,0
6,93,0.4771,2.0000,0
6,94,1.1461,3.9069,0
6,95,0.0000,1.0000,0
6,96,1.0000,3.4594,0
6,97,0.0000,1.0000,0
6,98,0.3010,1.5850,0
6,99,0.0000,1.0000,0
6,100,0.4771,2.0000,0
6,101,2.0414,6.7944,0
6,102,1.3979,4.7004,0
6,103,0.3010,1.5850,0
6,104,0.0000,1.0000,0
6,105,0.0000,1.0000,0
6,106,1.1139,3.8074,0
6,107,0.7782,2.8074,0
6,108,0.3010,1.5850,0
6,109,1.5563,5.2095,0
6,110,0.0000,1.0000,0
6,111,2.1523,7.1599,0
6,112,0.0000,1.0000,0
6,113,0.4771,2.0000,0
6,114,0.3010,1.5850,0
6,115,1.8692,6.2288,0
6,116,0.0000,1.0000,0
6,117,0.0000,1.0000,0
6,118,0.6021,2.3219,0
6,119,0.0000,1.0000,0
6,120,0.0000,1.0000,0
6,121,1.2553,4.2479,0
6,122,0.0000,1.0000,0
6,123,0.3010,1.5850,0
6,124,1.0414,3.5850,0
6,125,0.3010,1.5850,0
6,126,0.8451,3.0000,0
6,127,0.0000,1.0000,0
6,128,0.3010,1.5850,0
6,129,0.6021,2.3219,0
6,130,0.0000,1.0000,0
6,131,0.3010,1.5850,0
6,132,0.4771,2.0000,0
6,133,0.6021,2.3219,0
6,134,0.3010,1.5850,0
6,135,0.4771,2.0000,0
6,136,0.0000,1.0000,0
6,137,0.0000,1.0000,0
6,138,0.6021,2.3219,0
6,139,0.3010,1.5850,0
6,140,0.0000,1.0000,0
6,141,0.9031,3.1699,0
6,142,1.4150,4.7549,0
6,143,0.0000,1.0000,0
6,144,0.0000,1.0000,0
6,145,0.0000,1.0000,0
6,146,0.0000,1.0000,0
6,147,0.0000,1.0000,0
6,148,0.0000,1.0000,0
6,149,0.3010,1.5850,0
6,150,0.9031,3.1699,0
6,151,0.0000,1.0000,0
6,152,0.3010,1.5850,0
6,153,0.3010,1.5850,0
6,154,0.0000,1.0000,0
6,155,0.9031,3.1699,0
6,156,0.0000,1.0000,0
6,157,1.4150,4.7549,0
6,158,1.6990,5.6724,0
6,159,1.0792,3.7004,0
6,160,0.6021,2.3219,0
6,161,0.0000,1.0000,0
6,162,0.4771,2.0000,0
6,163,0.0000,1.0000,0
6,164,0.0000,1.0000,0
6,165,0.0000,1.0000,0
6,166,0.0000,1.0000,0
6,167,0.8451,3.0000,0
6,168,0.0000,1.0000,0
6,169,0.4771,2.0000,0
6,170,0.0000,1.0000,0
6,171,1.2553,4.2479,0
6,172,0.0000,1.0000,0
6,173,0.8451,3.0000,0
6,174,0.0000,1.0000,0
6,175,0.4771,2.0000,0
6,176,0.0000,1.0000,0
6,177,0.3010,1.5850,0
6,178,0.0000,1.0000,0
6,179,0.0000,1.0000,0
6,180,0.4771,2.0000,0
6,181,1.5798,5.2854,0
6,182,0.0000,1.0000,0
6,183,0.4771,2.0000,0
6,184,0.0000,1.0000,0
6,185,0.3010,1.5850,0
6,186,1.3222,4.4594,0
6,187,0.0000,1.0000,0
6,188,4559.9542,15147.8400,1
6,189,1.3802,4.6439,0
6,190,0.7782,2.8074,0
6,191,0.0000,1.0000,0
6,192,0.6990,2.5850,0
6,193,0.0000,1.0000,0
6,194,0.9542,3.3219,0
6,195,0.0000,1.0000,0
6,196,1.7634,5.8826,0
6,197,0.0000,1.0000,0
6,198,0.0000,1.0000,0
6,199,0.0000,1.0000,0
6,200,0.3010,1.5850,0
6,201,0.4771,2.0000,0
6,202,0.9031,3.1699,0
6,203,0.4771,2.0000,0
6,204,0.6990,2.5850,0
6,205,0.0000,1.0000,0
6,206,0.0000,1.0000,0
6,207,0.6021,2.3219,0
6,208,0.0000,1.0000,0
6,209,0.0000,1.0000,0
6,210,0.0000,1.0000,0
6,211,0.0000,1.0000,0
6,212,0.0000,1.0000,0
6,213,0.3010,1.5850,0
6,214,0.9031,3.1699,0
6,215,0.3010,1.5850,0
6,216,1.2304,4.1699,0
6,217,0.4771,2.0000,0
6,218,0.3010,1.5850,0
6,219,0.3010,1.5850,0
6,220,1.3617,4.5850,0
6,221,0.0000,1.0000,0
6,222,0.3010,1.5850,0
6,223,0.0000,1.0000,0
6,224,0.0000,1.0000,0
6,225,0.6021,2.3219,0
6,226,0.0000,1.0000,0
6,227,0.0000,1.0000,0
6,228,0.6021,2.3219,0
6,229,0.6021,2.3219,0
6,230,0.0000,1.0000,0
6,231,0.3010,1.5850,0
6,232,0.4771,2.0000,0
6,233,0.0000,1.0000,0
6,234,0.3010,1.5850,0
6,235,0.0000,1.0000,0
6,236,0.0000,1.0000,0
6,237,0.8451,3.0000,0
6,238,0.0000,1.0000,0
6,239,0.0000,1.0000,0
6,240,0.8451,3.0000,0
6,241,0.0000,1.0000,0
6,242,0.0000,1.0000,0
6,243,0.0000,1.0000,0
6,244,0.3010,1.5850,0
6,245,0.0000,1.0000,0
6,246,1.1761,4.0000,0
6,247,0.6021,2.3219,0
6,248,0.7782,2.8074,0
6,249,0.0000,1.0000,0
6,250,0.3010,1.5850,0
6,251,0.0000,1.0000,0
6,252,0.0000,1.0000,0
6,253,0.0000,1.0000,0
6,254,0.7782,2.8074,0
6,255,0.6021,2.3219,0
6,256,0.3010,1.5850,0
6,257,0.0000,1.0000,0
6,258,1.8976,6.3219,0
6,259,0.4771,2.0000,0
6,260,0.0000,1.0000,0
6,261,0.0000,1.0000,0
6,262,0.6021,2.3219,0
6,263,0.0000,1.0000,0
6,264,1.2553,4.2479,0
6,265,0.9542,3.3219,0
6,266,0.0000,1.0000,0
6,267,0.3010,1.5850,0
6,268,0.4771,2.0000,0
6,269,0.3010,1.5850,0
6,270,1.0000,3.4594,0
6,271,0.0000,1.0000,0
6,272,1.5185,5.0875,0
6,273,0.6021,2.3219,0
6,274,0.0000,1.0000,0
6,275,1.1139,3.8074,0
6,276,0.0000,1.0000,0
6,277,0.6990,2.5850,0
6,278,0.0000,1.0000,0
6,279,0.0000,1.0000,0
6,280,0.0000,1.0000,0
6,281,0.4771,2.0000,0
6,282,0.0000,1.0000,0
6,283,2.4669,8.1997,0
6,284,0.6021,2.3219,0
6,285,0.0000,1.0000,0
6,286,0.0000,1.0000,0
6,287,0.0000,1.0000,0
6,288,1.4150,4.7549,0
6,289,0.3010,1.5850,0
6,290,0.0000,1.0000,0
6,291,0.0000,1.0000,0
6,292,2.2878,7.6073,0
6,293,1.3617,4.5850,0
6,294,0.0000,1.0000,0
6,295,0.6990,2.5850,0
6,296,0.6021,2.3219,0
6,297,0.6021,2.3219,0
6,298,0.6021,2.3219,0
6,299,0.6990,2.5850,0
6,300,0.3010,1.5850,0
6,301,0.3010,1.5850,0
6,302,0.8451,3.0000,0
6,303,0.3010,1.5850,0
6,304,0.3010,1.5850,0
6,305,0.0000,1.0000,0
6,306,0.3010,1.5850,0
6,307,0.4771,2.0000,0
6,308,0.3010,1.5850,0
6,309,0.0000,1.0000,0
6,310,0.0000,1.0000,0
6,311,0.6021,2.3219,0
6,312,0.3010,1.5850,0
6,313,0.0000,1.0000,0
6,314,0.6021,2.3219,0
6,315,0.0000,1.0000,0
6,316,0.6021,2.3219,0
6,317,0.0000,1.0000,0
6,318,0.0000,1.0000,0
6,319,3.9276,13.0475,1
6,320,0.0000,1.0000,0
6,321,0.6021,2.3219,0
6,322,0.0000,1.0000,0
6,323,0.3010,1.5850,0
6,324,0.3010,1.5850,0
6,325,0.0000,1.0000,0
6,326,0.3010,1.5850,0
6,327,0.6021,2.3219,0
6,328,0.6990,2.5850,0
6,329,0.3010,1.5850,0
6,330,0.0000,1.0000,0
6,331,0.6021,2.3219,0
6,332,0.7782,2.8074,0
6,333,0.0000,1.0000,0
6,334,0.0000,1.0000,0
6,335,0.0000,1.0000,0
6,336,0.4771,2.0000,0
6,337,0.3010,1.5850,0
6,338,0.7782,2.8074,0
6,339,0.6021,2.3219,0
6,340,0.0000,1.0000,0
6,341,2.3201,7.7142,0
6,342,0.0000,1.0000,0
6,343,0.3010,1.5850,0
6,344,0.3010,1.5850,0
6,345,0.8451,3.0000,0
6,346,0.0000,1.0000,0
6,347,1.4472,4.8580,0
6,348,0.0000,1.0000,0
6,349,0.9031,3.1699,0
6,350,0.0000,1.0000,0
6,351,0.0000,1.0000,0
6,352,0.3010,1.5850,0
6,353,0.3010,1.5850,0
6,354,0.0000,1.0000,0
6,355,0.0000,1.0000,0
6,356,0.0000,1.0000,0
6,357,0.0000,1.0000,0
6,358,0.0000,1.0000,0
6,359,0.4771,2.0000,0
6,360,0.6021,2.3219,0
6,361,0.3010,1.5850,0
6,362,0.0000,1.0000,0
6,363,0.0000,1.0000,0
6,364,0.6021,2.3219,0
6,365,1.5185,5.0875,0
6,366,0.0000,1.0000,0
6,367,0.3010,1.5850,0
6,368,0.0000,1.0000,0
6,369,1.1139,3.8074,0
6,370,0.0000,1.0000,0
6,371,0.0000,1.0000,0
6,372,0.7782,2.8074,0
6,373,1.6532,5.5236,0
6,374,1.0000,3.4594,0
6,375,0.9031,3.1699,0
6,376,0.9031,3.1699,0
6,377,0.8451,3.0000,0
6,378,0.3010,1.5850,0
6,379,0.0000,1.0000,0
6,380,0.0000,1.0000,0
6,381,0.0000,1.0000,0
6,382,0.0000,1.0000,0
6,383,0.3010,1.5850,0
6,384,0.3010,1.5850,0
6,385,0.8451,3.0000,0
6,386,0.3010,1.5850,0
6,387,0.6021,2.3219,0
6,388,1.6128,5.3923,0
6,389,0.0000,1.0000,0
6,390,1.0414,3.5850,0
6,391,0.3010,1.5850,0
6,392,0.0000,1.0000,0
6,393,0.6021,2.3219,0
6,394,0.0000,1.0000,0
6,395,0.3010,1.5850,0
6,396,0.0000,1.0000,0
6,397,1.9542,6.5078,0
6,398,0.0000,1.0000,0
6,399,0.0000,1.0000,0
6,400,0.0000,1.0000,0
6,401,0.8451,3.0000,0
6,402,0.3010,1.5850,0
6,403,0.7782,2.8074,0
6,404,0.0000,1.0000,0
6,405,0.0000,1.0000,0
6,406,0.0000,1.0000,0
6,407,1.0000,3.4594,0
6,408,0.0000,1.0000,0
6,409,0.3010,1.5850,0
6,410,0.0000,1.0000,0
6,411,0.0000,1.0000,0
6,412,0.0000,1.0000,0
6,413,0.0000,1.0000,0
6,414,1.2304,4.1699,0
6,415,1.9912,6.6294,0
6,416,0.0000,1.0000,0
6,417,0.3010,1.5850,0
6,418,0.0000,1.0000,0
6,419,0.0000,1.0000,0
6,420,1.2788,4.3219,0
6,421,0.0000,1.0000,0
6,422,0.7782,2.8074,0
6,423,0.4771,2.0000,0
6,424,0.0000,1.0000,0
6,425,199.7706,663.6237,1
6,426,0.0000,1.0000,0
6,427,0.0000,1.0000,0
6,428,0.9542,3.3219,0
6,429,0.3010,1.5850,0
6,430,0.4771,2.0000,0
6,431,0.0000,1.0000,0
6,432,0.0000,1.0000,0
6,433,0.3010,1.5850,0
6,434,1.1139,3.8074,0
6,435,0.0000,1.0000,0
6,436,1.0414,3.5850,0
6,437,0.3010,1.5850,0
6,438,0.6990,2.5850,0
6,439,0.0000,1.0000,0
6,440,0.0000,1.0000,0
6,441,0.4771,2.0000,0
6,442,0.0000,1.0000,0
6,443,0.0000,1.0000,0
6,444,0.4771,2.0000,0
6,445,0.0000,1.0000,0
6,446,0.3010,1.5850,0
6,447,0.4771,2.0000,0
6,448,0.0000,1.0000,0
6,449,0.0000,1.0000,0
6,450,0.4771,2.0000,0
6,451,0.7782,2.8074,0
6,452,0.0000,1.0000,0
6,453,0.6021,2.3219,0
6,454,0.4771,2.0000,0
6,455,0.0000,1.0000,0
6,456,0.0000,1.0000,0
6,457,0.7782,2.8074,0
6,458,0.7782,2.8074,0
6,459,1.8129,6.0444,0
6,460,0.0000,1.0000,0
6,461,0.3010,1.5850,0
6,462,0.6021,2.3219,0
6,463,0.0000,1.0000,0
6,464,1.0792,3.7004,0
6,465,0.0000,1.0000,0
6,466,0.0000,1.0000,0
6,467,2.8859,9.5887,0
6,468,0.3010,1.5850,0
6,469,0.3010,1.5850,0
6,470,0.6021,2.3219,0
6,471,0.9542,3.3219,0
6,472,0.3010,1.5850,0
6,473,0.0000,1.0000,0
6,474,0.3010,1.5850,0
6,475,0.8451,3.0000,0
6,476,0.3010,1.5850,0
6,477,2.2014,7.3219,0
6,478,0.0000,1.0000,0
6,479,0.3010,1.5850,0
6,480,1.5051,5.0444,0
6,481,0.0000,1.0000,0
6,482,0.4771,2.0000,0
6,483,0.0000,1.0000,0
6,484,1.1461,3.9069,0
6,485,0.3010,1.5850,0
6,486,0.0000,1.0000,0
6,487,2.1004,6.9887,0
6,488,1.2553,4.2479,0
6,489,0.3010,1.5850,0
6,490,0.3010,1.5850,0
6,491,0.0000,1.0000,0
6,492,0.6021,2.3219,0
6,493,0.0000,1.0000,0
6,494,0.6021,2.3219,0
6,495,1.1139,3.8074,0
6,496,0.0000,1.0000,0
6,497,0.0000,1.0000,0
6,498,0.0000,1.0000,0
6,499,0.3010,1.5850,0
6,500,0.0000,1.0000,0
6,501,0.0000,1.0000,0
6,502,0.6990,2.5850,0
6,503,0.7782,2.8074,0
6,504,0.0000,1.0000,0
6,505,0.3010,1.5850,0
6,506,2.1271,7.0768,0
6,507,0.0000,1.0000,0
6,508,0.3010,1.5850,0
6,509,0.0000,1.0000,0
6,510,0.0000,1.0000,0
6,511,0.4771,2.0000,0
6,512,0.0000,1.0000,0
6,513,1.1139,3.8074,0
6,514,0.0000,1.0000,0
6,515,1.2041,4.0875,0
6,516,1.0000,3.4594,0
6,517,0.4771,2.0000,0
6,518,1.7324,5.7814,0
6,519,1.0000,3.4594,0
6,520,0.4771,2.0000,0
6,521,0.0000,1.0000,0
6,522,0.0000,1.0000,0
6,523,0.0000,1.0000,0
6,524,0.0000,1.0000,0
6,525,0.3010,1.5850,0
6,526,1.0000,3.4594,0
6,527,0.0000,1.0000,0
6,528,1.0414,3.5850,0
6,529,1.0414,3.5850,0
6,530,0.0000,1.0000,0
6,531,0.6990,2.5850,0
6,532,0.6021,2.3219,0
6,533,0.7782,2.8074,0
6,534,0.6021,2.3219,0
6,535,0.0000,1.0000,0
6,536,0.0000,1.0000,0
6,537,0.3010,1.5850,0
6,538,0.0000,1.0000,0
6,539,1.0792,3.7004,0
6,540,0.4771,2.0000,0
6,541,0.0000,1.0000,0
6,542,0.0000,1.0000,0
6,543,0.6990,2.5850,0
6,544,0.0000,1.0000,0
6,545,0.0000,1.0000,0
6,546,0.7782,2.8074,0
6,547,0.0000,1.0000,0
6,548,0.0000,1.0000,0
6,549,0.3010,1.5850,0
6,550,0.0000,1.0000,0
6,551,1.6435,5.4919,0
6,552,0.6990,2.5850,0
6,553,0.0000,1.0000,0
6,554,0.0000,1.0000,0
6,555,0.6990,2.5850,0
6,556,0.4771,2.0000,0
6,557,1.7482,5.8329,0
6,558,0.0000,1.0000,0
6,559,0.0000,1.0000,0
6,560,0.6990,2.5850,0
6,561,0.0000,1.0000,0
6,562,0.0000,1.0000,0
6,563,0.7782,2.8074,0
6,564,0.9031,3.1699,0
6,565,2.4082,8.0056,0
6,566,0.8451,3.0000,0
6,567,0.3010,1.5850,0
6,568,0.4771,2.0000,0
6,569,0.4771,2.0000,0
6,570,0.3010,1.5850,0
6,571,0.6990,2.5850,0
6,572,0.9031,3.1699,0
6,573,0.0000,1.0000,0
6,574,0.6990,2.5850,0
6,575,0.0000,1.0000,0
6,576,0.6990,2.5850,0
6,577,0.0000,1.0000,0
6,578,0.7782,2.8074,0
6,579,0.7782,2.8074,0
6,580,0.0000,1.0000,0
6,581,0.3010,1.5850,0
6,582,0.0000,1.0000,0
6,583,0.9542,3.3219,0
6,584,0.4771,2.0000,0
6,585,0.0000,1.0000,0
6,586,0.3010,1.5850,0
6,587,0.3010,1.5850,0
6,588,0.0000,1.0000,0
6,589,0.6021,2.3219,0
6,590,0.0000,1.0000,0
6,591,0.4771,2.0000,0
6,592,0.9542,3.3219,0
6,593,0.4771,2.0000,0
6,594,0.4771,2.0000,0
6,595,0.6021,2.3219,0
6,596,0.7782,2.8074,0
6,597,0.0000,1.0000,0
6,598,0.3010,1.5850,0
6,599,0.3010,1.5850,0
6,600,0.8451,3.0000,0
6,601,0.6021,2.3219,0
6,602,0.0000,1.0000,0
6,603,0.3010,1.5850,0
6,604,0.0000,1.0000,0
6,605,1.0000,3.4594,0
6,606,0.0000,1.0000,0
6,607,0.0000,1.0000,0
6,608,0.0000,1.0000,0
6,609,0.7782,2.8074,0
6,610,1.0792,3.7004,0
6,611,1.1461,3.9069,0
6,612,0.0000,1.0000,0
6,613,0.0000,1.0000,0
6,614,0.0000,1.0000,0
6,615,0.4771,2.0000,0
6,616,0.0000,1.0000,0
6,617,0.3010,1.5850,0
6,618,0.6021,2.3219,0
6,619,0.3010,1.5850,0
6,620,0.4771,2.0000,0
6,621,0.4771,2.0000,0
6,622,0.0000,1.0000,0
6,623,1.0414,3.5850,0
6,624,0.6021,2.3219,0
6,625,2.4346,8.0928,0
6,626,0.6990,2.5850,0
6,627,0.3010,1.5850,0
6,628,0.7782,2.8074,0
6,629,0.3010,1.5850,0
6,630,0.0000,1.0000,0
6,631,0.4771,2.0000,0
6,632,0.0000,1.0000,0
6,633,0.0000,1.0000,0
6,634,0.0000,1.0000,0
6,635,0.3010,1.5850,0
6,636,0.6990,2.5850,0
6,637,0.3010,1.5850,0
6,638,0.6021,2.3219,0
6,639,0.0000,1.0000,0
6,640,0.0000,1.0000,0
6,641,0.7782,2.8074,0
6,642,1.6335,5.4594,0
6,643,0.6021,2.3219,0
6,644,0.3010,1.5850,0
6,645,0.6990,2.5850,0
6,646,0.0000,1.0000,0
6,647,1.1461,3.9069,0
6,648,0.0000,1.0000,0
6,649,0.6990,2.5850,0
6,650,0.0000,1.0000,0
6,651,0.0000,1.0000,0
6,652,0.0000,1.0000,0
6,653,0.8451,3.0000,0
6,654,0.3010,1.5850,0
6,655,0.0000,1.0000,0
6,656,0.7782,2.8074,0
6,657,0.0000,1.0000,0
6,658,0.4771,2.0000,0
6,659,1.2041,4.0875,0
6,660,0.0000,1.0000,0
10,1,0.9542,3.3219,0
10,2,0.0000,1.0000,0
10,3,0.6021,2.3219,0
10,4,1.5911,5.3219,0
10,5,0.0000,1.0000,0
10,6,0.4771,2.0000,0
10,7,0.0000,1.0000,0
10,8,10.0627,33.4277,1
10,9,0.0000,1.0000,0
10,10,2.8176,9.3619,0
10,11,0.0000,1.0000,0
10,12,0.3010,1.5850,0
10,13,0.0000,1.0000,0
10,14,1.6021,5.3576,0
10,15,0.3010,1.5850,0
10,16,1.2041,4.0875,0
10,17,0.0000,1.0000,0
10,18,0.9542,3.3219,0
10,19,0.0000,1.0000,0
10,20,0.0000,1.0000,0
10,21,0.3010,1.5850,0
10,22,0.6021,2.3219,0
10,23,0.9542,3.3219,0
10,24,0.0000,1.0000,0
10,25,0.6021,2.3219,0
10,26,1.1761,4.0000,0
10,27,0.6021,2.3219,0
10,28,0.6021,2.3219,0
10,29,0.3010,1.5850,0
10,30,0.4771,2.0000,0
10,31,0.0000,1.0000,0
10,32,0.9031,3.1699,0
10,33,0.9031,3.1699,0
10,34,0.3010,1.5850,0
10,35,0.8451,3.0000,0
10,36,0.0000,1.0000,0
10,37,1.0000,3.4594,0
10,38,0.0000,1.0000,0
10,39,0.7782,2.8074,0
10,40,0.0000,1.0000,0
10,41,0.6990,2.5850,0
10,42,0.3010,1.5850,0
10,43,0.0000,1.0000,0
10,44,0.3010,1.5850,0
10,45,0.0000,1.0000,0
10,46,0.4771,2.0000,0
10,47,0.0000,1.0000,0
10,48,0.3010,1.5850,0
10,49,1.1139,3.8074,0
10,50,0.0000,1.0000,0
10,51,0.3010,1.5850,0
10,52,0.6990,2.5850,0
10,53,0.6021,2.3219,0
10,54,0.0000,1.0000,0
10,55,0.0000,1.0000,0
10,56,0.4771,2.0000,0
10,57,0.0000,1.0000,0
10,58,0.0000,1.0000,0
10,59,0.3010,1.5850,0
10,60,0.3010,1.5850,0
10,61,0.0000,1.0000,0
10,62,0.4771,2.0000,0
10,63,0.0000,1.0000,0
10,64,1.5441,5.1699,0
10,65,0.8451,3.0000,0
10,66,172.2459,572.1886,1
10,67,1.4771,4.9542,0
10,68,0.0000,1.0000,0
10,69,1.4472,4.8580,0
10,70,1.5441,5.1699,0
10,71,0.9542,3.3219,0
10,72,0.6021,2.3219,0
10,73,0.3010,1.5850,0
10,74,0.0000,1.0000,0
10,75,0.0000,1.0000,0
10,76,0.0000,1.0000,0
10,77,0.7782,2.8074,0
10,78,1.6628,5.5546,0
10,79,0.0000,1.0000,0
10,80,0.4771,2.0000,0
10,81,0.3010,1.5850,0
10,82,1.0414,3.5850,0
10,83,0.6021,2.3219,0
10,84,0.0000,1.0000,0
10,85,0.6021,2.3219,0
10,86,1.1761,4.0000,0
10,87,0.3010,1.5850,0
10,88,0.3010,1.5850,0
10,89,0.4771,2.0000,0
10,90,0.0000,1.0000,0
10,91,1.4150,4.7549,0
10,92,0.3010,1.5850,0
10,93,0.3010,1.5850,0
10,94,0.4771,2.0000,0
10,95,0.6990,2.5850,0
10,96,1.0000,3.4594,0
10,97,0.0000,1.0000,0
10,98,0.6990,2.5850,0
10,99,0.0000,1.0000,0
10,100,0.0000,1.0000,0
10,101,0.3010,1.5850,0
10,102,0.4771,2.0000,0
10,103,1.0414,3.5850,0
10,104,0.6990,2.5850,0
10,105,0.3010,1.5850,0
10,106,0.0000,1.0000,0
10,107,0.0000,1.0000,0
10,108,0.3010,1.5850,0
10,109,0.0000,1.0000,0
10,110,0.6021,2.3219,0
10,111,0.0000,1.0000,0
10,112,0.3010,1.5850,0
10,113,0.0000,1.0000,0
10,114,0.0000,1.0000,0
10,115,1.8388,6.1293,0
10,116,1.0414,3.5850,0
10,117,1.2553,4.2479,0
10,118,0.3010,1.5850,0
10,119,0.0000,1.0000,0
10,120,1.5051,5.0444,0
10,121,0.9542,3.3219,0
10,122,2.1461,7.1396,0
10,123,0.0000,1.0000,0
10,124,0.0000,1.0000,0
10,125,0.7782,2.8074,0
10,126,0.0000,1.0000,0
10,127,1.4472,4.8580,0
10,128,0.3010,1.5850,0
10,129,0.0000,1.0000,0
10,130,0.3010,1.5850,0
10,131,0.4771,2.0000,0
10,132,0.9542,3.3219,0
10,133,0.3010,1.5850,0
10,134,0.0000,1.0000,0
10,135,0.6990,2.5850,0
10,136,0.3010,1.5850,0
10,137,0.0000,1.0000,0
10,138,0.3010,1.5850,0
10,139,0.3010,1.5850,0
10,140,0.3010,1.5850,0
10,141,0.0000,1.0000,0
10,142,0.6021,2.3219,0
10,143,0.0000,1.0000,0
10,144,0.8451,3.0000,0
10,145,0.6990,2.5850,0
10,146,0.4771,2.0000,0
10,147,0.3010,1.5850,0
10,148,0.0000,1.0000,0
10,149,0.3010,1.5850,0
10,150,0.0000,1.0000,0
10,151,0.0000,1.0000,0
10,152,0.0000,1.0000,0
10,153,0.4771,2.0000,0
10,154,0.0000,1.0000,0
10,155,0.0000,1.0000,0
10,156,0.0000,1.0000,0
10,157,1.2788,4.3219,0
10,158,1.2788,4.3219,0
10,159,0.3010,1.5850,0
10,160,0.6021,2.3219,0
10,161,0.0000,1.0000,0
10,162,0.6021,2.3219,0
10,163,1.0414,3.5850,0
10,164,1.1761,4.0000,0
10,165,0.0000,1.0000,0
10,166,0.3010,1.5850,0
10,167,0.3010,1.5850,0
10,168,0.3010,1.5850,0
10,169,0.8451,3.0000,0
10,170,0.0000,1.0000,0
10,171,0.0000,1.0000,0
10,172,0.3010,1.5850,0
10,173,0.3010,1.5850,0
10,174,0.9542,3.3219,0
10,175,0.4771,2.0000,0
10,176,0.0000,1.0000,0
10,177,0.4771,2.0000,0
10,178,0.7782,2.8074,0
10,179,0.0000,1.0000,0
10,180,1.0792,3.7004,0
10,181,0.0000,1.0000,0
10,182,0.3010,1.5850,0
10,183,0.0000,1.0000,0
10,184,1.0414,3.5850,0
10,185,0.0000,1.0000,0
10,186,0.3010,1.5850,0
10,187,0.3010,1.5850,0
10,188,1.0000,3.4594,0
10,189,0.0000,1.0000,0
10,190,0.6990,2.5850,0
10,191,1.8633,6.2095,0
10,192,0.3010,1.5850,0
10,193,1.2788,4.3219,0
10,194,0.8451,3.0000,0
10,195,0.0000,1.0000,0
10,196,0.3010,1.5850,0
10,197,0.0000,1.0000,0
10,198,0.3010,1.5850,0
10,199,0.4771,2.0000,0
10,200,0.6021,2.3219,0
10,201,0.4771,2.0000,0
10,202,0.0000,1.0000,0
10,203,0.3010,1.5850,0
10,204,0.0000,1.0000,0
10,205,0.3010,1.5850,0
10,206,0.3010,1.5850,0
10,207,0.3010,1.5850,0
10,208,1.4150,4.7549,0
10,209,1.3617,4.5850,0
10,210,0.4771,2.0000,0
10,211,0.0000,1.0000,0
10,212,2907.6474,9658.9957,1
10,213,0.3010,1.5850,0
10,214,0.0000,1.0000,0
10,215,0.8451,3.0000,0
10,216,0.6021,2.3219,0
10,217,0.4771,2.0000,0
10,218,0.3010,1.5850,0
10,219,0.0000,1.0000,0
10,220,1.3222,4.4594,0
10,221,0.0000,1.0000,0
10,222,0.6021,2.3219,0
10,223,0.0000,1.0000,0
10,224,0.9542,3.3219,0
10,225,0.0000,1.0000,0
10,226,1.1139,3.8074,0
10,227,0.3010,1.5850,0
10,228,1.8513,6.1699,0
10,229,0.9031,3.1699,0
10,230,0.0000,1.0000,0
10,231,0.0000,1.0000,0
10,232,0.9031,3.1699,0
10,233,0.4771,2.0000,0
10,234,0.6021,2.3219,0
10,235,0.4771,2.0000,0
10,236,0.3010,1.5850,0
10,237,0.0000,1.0000,0
10,238,0.7782,2.8074,0
10,239,1.0414,3.5850,0
10,240,0.3010,1.5850,0
10,241,0.6021,2.3219,0
10,242,0.9031,3.1699,0
10,243,0.0000,1.0000,0
10,244,0.0000,1.0000,0
10,245,0.6021,2.3219,0
10,246,0.3010,1.5850,0
10,247,0.0000,1.0000,0
10,248,0.0000,1.0000,0
10,249,0.4771,2.0000,0
10,250,0.0000,1.0000,0
10,251,0.4771,2.0000,0
10,252,1.6628,5.5546,0
10,253,1.4150,4.7549,0
10,254,0.0000,1.0000,0
10,255,0.0000,1.0000,0
10,256,0.4771,2.0000,0
10,257,0.6990,2.5850,0
10,258,0.4771,2.0000,0
10,259,0.0000,1.0000,0
10,260,1.8129,6.0444,0
10,261,0.6990,2.5850,0
10,262,0.6021,2.3219,0
10,263,1.8751,6.2479,0
10,264,0.6021,2.3219,0
10,265,0.0000,1.0000,0
10,266,0.3010,1.5850,0
10,267,0.0000,1.0000,0
10,268,0.6990,2.5850,0
10,269,0.8451,3.0000,0
10,270,0.3010,1.5850,0
10,271,1.1139,3.8074,0
10,272,0.0000,1.0000,0
10,273,0.6021,2.3219,0
10,274,0.3010,1.5850,0
10,275,0.3010,1.5850,0
10,276,0.0000,1.0000,0
10,277,0.0000,1.0000,0
10,278,0.6021,2.3219,0
10,279,0.4771,2.0000,0
10,280,0.0000,1.0000,0
10,281,0.4771,2.0000,0
10,282,0.6990,2.5850,0
10,283,0.3010,1.5850,0
10,284,0.0000,1.0000,0
10,285,0.3010,1.5850,0
10,286,0.6990,2.5850,0
10,287,0.6021,2.3219,0
10,288,1.0000,3.4594,0
10,289,0.4771,2.0000,0
10,290,0.0000,1.0000,0
10,291,0.3010,1.5850,0
10,292,0.6021,2.3219,0
10,293,0.0000,1.0000,0
10,294,0.0000,1.0000,0
10,295,0.3010,1.5850,0
10,296,0.3010,1.5850,0
10,297,2.1523,7.1599,0
10,298,0.6021,2.3219,0
10,299,1.4624,4.9069,0
10,300,0.6021,2.3219,0
10,301,0.4771,2.0000,0
10,302,0.3010,1.5850,0
10,303,0.9031,3.1699,0
10,304,0.0000,1.0000,0
10,305,0.6021,2.3219,0
10,306,1.2788,4.3219,0
10,307,0.0000,1.0000,0
10,308,1.6435,5.4919,0
10,309,1.4472,4.8580,0
10,310,0.0000,1.0000,0
10,311,0.0000,1.0000,0
10,312,0.3010,1.5850,0
10,313,0.0000,1.0000,0
10,314,0.0000,1.0000,0
10,315,0.0000,1.0000,0
10,316,1.5911,5.3219,0
10,317,0.0000,1.0000,0
10,318,0.0000,1.0000,0
10,319,0.0000,1.0000,0
10,320,0.0000,1.0000,0
10,321,1.2553,4.2479,0
10,322,0.9031,3.1699,0
10,323,0.0000,1.0000,0
10,324,0.6990,2.5850,0
10,325,0.0000,1.0000,0
10,326,0.0000,1.0000,0
10,327,0.0000,1.0000,0
10,328,1.0414,3.5850,0
10,329,1.0414,3.5850,0
10,330,0.0000,1.0000,0
10,331,0.6990,2.5850,0
10,332,0.0000,1.0000,0
10,333,0.8451,3.0000,0
10,334,0.7782,2.8074,0
10,335,0.0000,1.0000,0
10,336,0.4771,2.0000,0
10,337,0.4771,2.0000,0
10,338,1.3010,4.3923,0
10,339,0.6990,2.5850,0
10,340,0.3010,1.5850,0
10,341,0.7782,2.8074,0
10,342,0.0000,1.0000,0
10,343,0.0000,1.0000,0
10,344,0.6021,2.3219,0
10,345,0.6990,2.5850,0
10,346,0.0000,1.0000,0
10,347,0.0000,1.0000,0
10,348,0.0000,1.0000,0
10,349,1.8976,6.3219,0
10,350,0.3010,1.5850,0
10,351,0.3010,1.5850,0
10,352,0.0000,1.0000,0
10,353,1.4771,4.9542,0
10,354,0.4771,2.0000,0
10,355,0.3010,1.5850,0
10,356,0.3010,1.5850,0
10,357,1.2041,4.0875,0
10,358,1.2304,4.1699,0
10,359,0.0000,1.0000,0
10,360,2.7404,9.1059,0
10,361,0.3010,1.5850,0
10,362,1.1761,4.0000,0
10,363,1.5051,5.0444,0
10,364,1.5441,5.1699,0
10,365,0.0000,1.0000,0
10,366,0.3010,1.5850,0
10,367,0.0000,1.0000,0
10,368,0.4771,2.0000,0
10,369,0.0000,1.0000,0
10,370,0.0000,1.0000,0
10,371,0.0000,1.0000,0
10,372,0.6990,2.5850,0
10,373,0.3010,1.5850,0
10,374,0.6021,2.3219,0
10,375,0.0000,1.0000,0
10,376,0.4771,2.0000,0
10,377,0.0000,1.0000,0
10,378,0.0000,1.0000,0
10,379,0.0000,1.0000,0
10,380,0.0000,1.0000,0
10,381,0.0000,1.0000,0
10,382,1.7993,6.0000,0
10,383,0.9542,3.3219,0
10,384,0.0000,1.0000,0
10,385,1.4472,4.8580,0
10,386,1.2788,4.3219,0
10,387,0.6021,2.3219,0
10,388,0.6021,2.3219,0
10,389,0.3010,1.5850,0
10,390,0.3010,1.5850,0
10,391,0.6021,2.3219,0
10,392,0.0000,1.0000,0
10,393,0.0000,1.0000,0
10,394,0.7782,2.8074,0
10,395,0.0000,1.0000,0
10,396,1.8865,6.2854,0
10,397,0.0000,1.0000,0
10,398,0.9542,3.3219,0
10,399,0.6021,2.3219,0
10,400,1.0792,3.7004,0
10,401,0.0000,1.0000,0
10,402,1.3424,4.5236,0
10,403,0.6990,2.5850,0
10,404,0.9542,3.3219,0
10,405,0.3010,1.5850,0
10,406,1.2788,4.3219,0
10,407,0.0000,1.0000,0
10,408,0.4771,2.0000,0
10,409,1.0414,3.5850,0
10,410,0.0000,1.0000,0
10,411,0.0000,1.0000,0
10,412,0.3010,1.5850,0
10,413,0.0000,1.0000,0
10,414,0.0000,1.0000,0
10,415,0.0000,1.0000,0
10,416,0.4771,2.0000,0
10,417,0.3010,1.5850,0
10,418,0.0000,1.0000,0
10,419,0.0000,1.0000,0
10,420,1.8388,6.1293,0
10,421,0.3010,1.5850,0
10,422,0.3010,1.5850,0
10,423,0.3010,1.5850,0
10,424,0.3010,1.5850,0
10,425,1.0000,3.4594,0
10,426,0.0000,1.0000,0
10,427,1.4624,4.9069,0
10,428,0.6990,2.5850,0
10,429,1.2553,4.2479,0
10,430,0.6990,2.5850,0
10,431,1.2553,4.2479,0
10,432,0.3010,1.5850,0
10,433,0.3010,1.5850,0
10,434,0.7782,2.8074,0
10,435,0.0000,1.0000,0
10,436,0.0000,1.0000,0
10,437,0.3010,1.5850,0
10,438,0.4771,2.0000,0
10,439,0.4771,2.0000,0
10,440,0.0000,1.0000,0
10,441,0.0000,1.0000,0
10,442,1.3617,4.5850,0
10,443,0.3010,1.5850,0
10,444,0.3010,1.5850,0
10,445,0.4771,2.0000,0
10,446,1.1461,3.9069,0
10,447,0.3010,1.5850,0
10,448,0.0000,1.0000,0
10,449,0.0000,1.0000,0
10,450,0.0000,1.0000,0
10,451,0.3010,1.5850,0
10,452,0.0000,1.0000,0
10,453,0.3010,1.5850,0
10,454,0.0000,1.0000,0
10,455,0.0000,1.0000,0
10,456,1.6812,5.6147,0
10,457,0.9542,3.3219,0
10,458,0.3010,1.5850,0
10,459,0.6021,2.3219,0
10,460,0.0000,1.0000,0
10,461,0.8451,3.0000,0
10,462,1.0000,3.4594,0
10,463,1.3617,4.5850,0
10,464,0.0000,1.0000,0
10,465,0.7782,2.8074,0
10,466,0.0000,1.0000,0
10,467,0.0000,1.0000,0
10,468,0.7782,2.8074,0
10,469,0.6021,2.3219,0
10,470,0.0000,1.0000,0
10,471,0.6990,2.5850,0
10,472,1.5441,5.1699,0
10,473,0.8451,3.0000,0
10,474,1.5185,5.0875,0
10,475,0.0000,1.0000,0
10,476,0.0000,1.0000,0
10,477,0.4771,2.0000,0
10,478,1.0792,3.7004,0
10,479,0.0000,1.0000,0
10,480,1.7634,5.8826,0
10,481,0.0000,1.0000,0
10,482,0.6021,2.3219,0
10,483,0.0000,1.0000,0
10,484,1.2041,4.0875,0
10,485,0.9031,3.1699,0
10,486,0.0000,1.0000,0
10,487,0.4771,2.0000,0
10,488,0.0000,1.0000,0
10,489,0.0000,1.0000,0
10,490,0.0000,1.0000,0
10,491,0.0000,1.0000,0
10,492,1.2553,4.2479,0
10,493,0.3010,1.5850,0
10,494,0.0000,1.0000,0
10,495,0.0000,1.0000,0
10,496,1.3424,4.5236,0
10,497,0.8451,3.0000,0
10,498,0.6021,2.3219,0
10,499,1.0000,3.4594,0
10,500,0.4771,2.0000,0
10,501,0.0000,1.0000,0
10,502,1.2788,4.3219,0
10,503,0.3010,1.5850,0
10,504,0.6021,2.3219,0
10,505,0.3010,1.5850,0
10,506,0.6990,2.5850,0
10,507,0.0000,1.0000,0
10,508,0.0000,1.0000,0
10,509,0.3010,1.5850,0
10,510,0.6990,2.5850,0
10,511,0.0000,1.0000,0
10,512,0.7782,2.8074,0
10,513,0.0000,1.0000,0
10,514,0.3010,1.5850,0
10,515,0.0000,1.0000,0
10,516,0.3010,1.5850,0
10,517,0.6021,2.3219,0
10,518,1.1461,3.9069,0
10,519,0.0000,1.0000,0
10,520,0.0000,1.0000,0
10,521,0.6990,2.5850,0
10,522,0.3010,1.5850,0
10,523,1.6628,5.5546,0
10,524,0.3010,1.5850,0
10,525,0.3010,1.5850,0
10,526,0.4771,2.0000,0
10,527,0.7782,2.8074,0
10,528,0.0000,1.0000,0
10,529,0.3010,1.5850,0
10,530,0.0000,1.0000,0
10,531,0.0000,1.0000,0
10,532,0.6021,2.3219,0
10,533,0.3010,1.5850,0
10,534,0.3010,1.5850,0
10,535,0.4771,2.0000,0
10,536,0.3010,1.5850,0
10,537,0.3010,1.5850,0
10,538,0.4771,2.0000,0
10,539,0.0000,1.0000,0
10,540,0.0000,1.0000,0
10,541,1.0414,3.5850,0
10,542,1.3010,4.3923,0
10,543,0.0000,1.0000,0
10,544,0.0000,1.0000,0
10,545,2.3962,7.9658,0
10,546,0.0000,1.0000,0
10,547,0.4771,2.0000,0
10,548,1.0414,3.5850,0
10,549,0.3010,1.5850,0
10,550,1.1461,3.9069,0
10,551,0.0000,1.0000,0
10,552,0.0000,1.0000,0
10,553,0.0000,1.0000,0
10,554,0.9031,3.1699,0
10,555,0.0000,1.0000,0
10,556,0.3010,1.5850,0
10,557,1.0414,3.5850,0
10,558,0.9031,3.1699,0
10,559,0.0000,1.0000,0
10,560,0.0000,1.0000,0
10,561,0.6990,2.5850,0
10,562,0.0000,1.0000,0
10,563,0.4771,2.0000,0
10,564,0.6990,2.5850,0
10,565,0.3010,1.5850,0
10,566,0.3010,1.5850,0
10,567,0.0000,1.0000,0
10,568,0.0000,1.0000,0
10,569,0.4771,2.0000,0
10,570,0.0000,1.0000,0
10,571,0.4771,2.0000,0
10,572,0.0000,1.0000,0
10,573,0.3010,1.5850,0
10,574,0.6021,2.3219,0
10,575,0.0000,1.0000,0
10,576,0.0000,1.0000,0
10,577,0.0000,1.0000,0
10,578,0.0000,1.0000,0
10,579,0.3010,1.5850,0
10,580,0.7782,2.8074,0
10,581,0.0000,1.0000,0
10,582,0.0000,1.0000,0
10,583,1.2041,4.0875,0
10,584,0.4771,2.0000,0
10,585,1.0000,3.4594,0
10,586,0.3010,1.5850,0
10,587,0.0000,1.0000,0
10,588,2.1206,7.0553,0
10,589,0.0000,1.0000,0
10,590,0.0000,1.0000,0
10,591,0.0000,1.0000,0
10,592,2.1644,7.1997,0
10,593,0.0000,1.0000,0
10,594,0.6021,2.3219,0
10,595,0.4771,2.0000,0
10,596,0.0000,1.0000,0
10,597,0.0000,1.0000,0
10,598,0.6021,2.3219,0
10,599,0.6990,2.5850,0
10,600,0.0000,1.0000,0
10,601,1.1139,3.8074,0
10,602,1.8573,6.1898,0
10,603,0.0000,1.0000,0
10,604,0.0000,1.0000,0
10,605,0.0000,1.0000,0
10,606,0.0000,1.0000,0
10,607,0.3010,1.5850,0
10,608,0.0000,1.0000,0
10,609,0.9542,3.3219,0
10,610,0.0000,1.0000,0
10,611,0.0000,1.0000,0
10,612,0.4771,2.0000,0
10,613,1.1761,4.0000,0
10,614,0.0000,1.0000,0
10,615,0.6021,2.3219,0
10,616,0.0000,1.0000,0
10,617,0.6990,2.5850,0
10,618,0.0000,1.0000,0
10,619,1.0414,3.5850,0
10,620,0.0000,1.0000,0
10,621,0.0000,1.0000,0
10,622,0.3010,1.5850,0
10,623,0.3010,1.5850,0
10,624,0.0000,1.0000,0
10,625,0.3010,1.5850,0
10,626,0.0000,1.0000,0
10,627,0.6990,2.5850,0
10,628,0.0000,1.0000,0
10,629,0.7782,2.8074,0
10,630,0.0000,1.0000,0
10,631,0.3010,1.5850,0
10,632,0.3010,1.5850,0
10,633,1.4314,4.8074,0
10,634,0.9031,3.1699,0
10,635,0.0000,1.0000,0
10,636,1.1761,4.0000,0
10,637,0.0000,1.0000,0
10,638,1.8808,6.2668,0
10,639,1.7160,5.7279,0
10,640,0.6021,2.3219,0
10,641,0.4771,2.0000,0
10,642,0.0000,1.0000,0
10,643,0.6990,2.5850,0
10,644,0.8451,3.0000,0
10,645,0.3010,1.5850,0
10,646,0.0000,1.0000,0
10,647,0.0000,1.0000,0
10,648,1.1461,3.9069,0
10,649,0.3010,1.5850,0
10,650,0.0000,1.0000,0
10,651,0.6021,2.3219,0
10,652,0.4771,2.0000,0
10,653,0.7782,2.8074,0
10,654,0.0000,1.0000,0
10,655,1.7709,5.9069,0
10,656,0.0000,1.0000,0
10,657,0.0000,1.0000,0
10,658,0.7782,2.8074,0
10,659,0.0000,1.0000,0
10,660,0.6021,2.3219,0
10,661,0.0000,1.0000,0
10,662,0.6021,2.3219,0
10,663,0.0000,1.0000,0
10,664,0.0000,1.0000,0
10,665,0.0000,1.0000,0
10,666,0.3010,1.5850,0
10,667,0.0000,1.0000,0
10,668,1.0414,3.5850,0
10,669,0.4771,2.0000,0
10,670,0.0000,1.0000,0
10,671,1.2304,4.1699,0
10,672,0.0000,1.0000,0
10,673,1.1139,3.8074,0
10,674,0.3010,1.5850,0
10,675,1.1139,3.8074,0
10,676,0.7782,2.8074,0
10,677,0.6021,2.3219,0
10,678,0.0000,1.0000,0
10,679,1.3424,4.5236,0
10,680,0.0000,1.0000,0
10,681,0.3010,1.5850,0
10,682,0.4771,2.0000,0
10,683,0.0000,1.0000,0
10,684,1.2304,4.1699,0
10,685,0.0000,1.0000,0
10,686,0.0000,1.0000,0
10,687,0.0000,1.0000,0
10,688,0.0000,1.0000,0
10,689,1.0000,3.4594,0
10,690,0.0000,1.0000,0
10,691,0.3010,1.5850,0
10,692,0.0000,1.0000,0
10,693,0.3010,1.5850,0
10,694,0.0000,1.0000,0
10,695,0.3010,1.5850,0
10,696,0.4771,2.0000,0
10,697,0.0000,1.0000,0
10,698,0.3010,1.5850,0
10,699,0.4771,2.0000,0
10,700,0.4771,2.0000,0
10,701,0.6021,2.3219,0
10,702,0.0000,1.0000,0
10,703,0.4771,2.0000,0
10,704,0.0000,1.0000,0
10,705,0.6021,2.3219,0
10,706,0.4771,2.0000,0
10,707,0.0000,1.0000,0
10,708,0.0000,1.0000,0
10,709,0.9031,3.1699,0
10,710,0.4771,2.0000,0
10,711,0.3010,1.5850,0
10,712,0.3010,1.5850,0
10,713,0.7782,2.8074,0
10,714,0.0000,1.0000,0
10,715,1.2041,4.0875,0
10,716,0.4771,2.0000,0
10,717,0.0000,1.0000,0
10,718,0.6990,2.5850,0
10,719,0.3010,1.5850,0
10,720,0.3010,1.5850,0
10,721,2.1790,7.2479,0
10,722,0.4771,2.0000,0
10,723,0.0000,1.0000,0
10,724,0.4771,2.0000,0
10,725,0.0000,1.0000,0
10,726,0.0000,1.0000,0
10,727,0.0000,1.0000,0
10,728,0.3010,1.5850,0
10,729,0.0000,1.0000,0
10,730,0.6021,2.3219,0
10,731,0.4771,2.0000,0
10,732,2.4914,8.2808,0
10,733,0.4771,2.0000,0
10,734,0.3010,1.5850,0
10,735,0.0000,1.0000,0
10,736,0.0000,1.0000,0
10,737,0.3010,1.5850,0
10,738,0.0000,1.0000,0
10,739,1.0000,3.4594,0
10,740,0.0000,1.0000,0
10,741,0.4771,2.0000,0
10,742,0.4771,2.0000,0
10,743,0.0000,1.0000,0
10,744,0.0000,1.0000,0
10,745,0.3010,1.5850,0
10,746,1.3222,4.4594,0
10,747,0.4771,2.0000,0
10,748,0.0000,1.0000,0
10,749,0.6021,2.3219,0
10,750,0.0000,1.0000,0
10,751,0.4771,2.0000,0
10,752,0.0000,1.0000,0
10,753,0.0000,1.0000,0
10,754,0.0000,1.0000,0
10,755,0.4771,2.0000,0
10,756,0.0000,1.0000,0
10,757,0.0000,1.0000,0
10,758,0.4771,2.0000,0
10,759,1.0792,3.7004,0
10,760,0.3010,1.5850,0
10,761,0.0000,1.0000,0
10,762,0.6021,2.3219,0
10,763,1.0414,3.5850,0
10,764,0.0000,1.0000,0
10,765,0.4771,2.0000,0
10,766,0.6021,2.3219,0
10,767,0.0000,1.0000,0
10,768,0.0000,1.0000,0
10,769,0.0000,1.0000,0
10,770,0.0000,1.0000,0
10,771,0.6021,2.3219,0
10,772,1.0000,3.4594,0
10,773,0.0000,1.0000,0
10,774,0.0000,1.0000,0
10,775,0.9031,3.1699,0
10,776,0.3010,1.5850,0
10,777,1.4624,4.9069,0
10,778,1.1139,3.8074,0
10,779,0.6990,2.5850,0
10,780,0.0000,1.0000,0
10,781,0.0000,1.0000,0
10,782,0.3010,1.5850,0
10,783,0.0000,1.0000,0
10,784,0.0000,1.0000,0
10,785,0.6990,2.5850,0
10,786,1.0792,3.7004,0
10,787,0.0000,1.0000,0
10,788,0.0000,1.0000,0
10,789,1.0414,3.5850,0
10,790,0.3010,1.5850,0
10,791,0.0000,1.0000,0
10,792,0.0000,1.0000,0
10,793,0.9542,3.3219,0
10,794,0.4771,2.0000,0
10,795,0.3010,1.5850,0
10,796,0.4771,2.0000,0
10,797,0.7782,2.8074,0
10,798,0.0000,1.0000,0
10,799,0.7782,2.8074,0
10,800,0.4771,2.0000,0
10,801,2.4518,8.1497,0
10,802,1.2553,4.2479,0
10,803,0.0000,1.0000,0
10,804,0.6021,2.3219,0
10,805,0.4771,2.0000,0
10,806,0.0000,1.0000,0
10,807,1.2553,4.2479,0
10,808,0.3010,1.5850,0
10,809,1.1139,3.8074,0
10,810,0.4771,2.0000,0
10,811,0.0000,1.0000,0
10,812,0.9031,3.1699,0
10,813,0.0000,1.0000,0
10,814,1.6628,5.5546,0
10,815,0.0000,1.0000,0
10,816,0.0000,1.0000,0
10,817,1.1461,3.9069,0
10,818,0.0000,1.0000,0
10,819,0.0000,1.0000,0
10,820,0.9031,3.1699,0
10,821,0.0000,1.0000,0
10,822,0.9542,3.3219,0
10,823,0.0000,1.0000,0
10,824,0.0000,1.0000,0
10,825,0.0000,1.0000,0
10,826,0.3010,1.5850,0
10,827,0.3010,1.5850,0
10,828,1.5051,5.0444,0
10,829,0.3010,1.5850,0
10,830,0.8451,3.0000,0
10,831,0.3010,1.5850,0
10,832,1.1461,3.9069,0
10,833,0.0000,1.0000,0
10,834,0.0000,1.0000,0
10,835,0.0000,1.0000,0
10,836,0.0000,1.0000,0
10,837,0.6021,2.3219,0
10,838,0.0000,1.0000,0
10,839,0.3010,1.5850,0
10,840,0.0000,1.0000,0
10,841,0.0000,1.0000,0
10,842,1.3424,4.5236,0
10,843,0.7782,2.8074,0
